id,run_id,round,alpha,method,accuracy,loss,f1,auc,n_anomalous,clean_ids,selected_method,selected_combination,agent_reasoning,seed
385,exp2_mAgent_a0.3_s1,1,0.3,Agent,90.0,3.0364,0.9474,0.5001,2,"[1, 3, 4]",Krum,"[1, 3]","Given the history of anomalies from clients 0 and 2, and low cosine similarity implying noisy clients, Krum provides robustness to these issues.",1
386,exp2_mAgent_a0.3_s1,2,0.3,Agent,90.0,2.9827,0.9474,0.4989,2,"[1, 3, 4]",Krum,"[1, 3]","Given the history of anomalies from clients 0 and 2 and the current round having no repeated anomalies, Krum is chosen for its resilience to noise.",1
387,exp2_mAgent_a0.3_s1,3,0.3,Agent,90.0,0.4877,0.9474,0.8505,2,"[1, 3, 4]",Trimmed Mean,"[1, 3]","Based on the low alpha value and absence of anomalies, Trimmed Mean is appropriate.",1
388,exp2_mAgent_a0.3_s1,4,0.3,Agent,90.0,0.4401,0.9474,0.81,2,"[1, 3, 4]",Trimmed Mean,"[1, 3]","Given the low alpha value and absence of anomalies, Trimmed Mean is appropriate.",1
389,exp2_mAgent_a0.3_s1,5,0.3,Agent,76.75,0.5548,0.8547,0.8763,3,"[3, 4]",Trimmed Mean,"[3, 4]","Given the low alpha value and absence of anomalies in the current round, Trimmed Mean is the appropriate method.",1
390,exp2_mAgent_a0.3_s1,6,0.3,Agent,90.0,0.3687,0.9474,0.7274,2,"[1, 3, 4]",Trimmed Mean,"[1, 3]","Considering the low alpha value and absence of anomalies, Trimmed Mean is suitable for this round.",1
391,exp2_mAgent_a0.3_s1,7,0.3,Agent,80.24,0.4789,0.8794,0.8917,3,"[3, 4]",Trimmed Mean,"[3, 4]","Given the low alpha value and absence of anomalies, Trimmed Mean is suitable.",1
392,exp2_mAgent_a0.3_s1,8,0.3,Agent,90.0,0.3673,0.9474,0.6973,2,"[1, 3, 4]",Trimmed Mean,"[1, 3]","This round has clean data with no anomalies and a low alpha, making Trimmed Mean the suitable aggregation method.",1
393,exp2_mAgent_a0.3_s2,1,0.3,Agent,11.55,2.7996,0.1649,0.0976,1,"[0, 1, 2, 4]",Krum,"[0, 1, 2]",High heterogeneity and repeated anomalies detected.,2
394,exp2_mAgent_a0.3_s2,2,0.3,Agent,85.52,0.5648,0.9158,0.875,1,"[0, 1, 2, 4]",Trimmed Mean,"[0, 1, 2]","Round 2 exhibits high heterogeneity and no recent anomalies, and Krum would not be appropriate due to the absence of anomalous clients.",2
395,exp2_mAgent_a0.3_s2,3,0.3,Agent,85.24,0.4687,0.9129,0.9035,1,"[0, 1, 2, 4]",Trimmed Mean,"[0, 1, 2]","The selected combination of 0, 1, and 2 clients can be used for aggregation in round 3, as this method fits the current high heterogeneity and lack of recent anomalies or anomalous clients.",2
396,exp2_mAgent_a0.3_s2,4,0.3,Agent,68.29,0.6385,0.7908,0.8511,1,"[0, 1, 2, 4]",Trimmed Mean,"[0, 1, 2]","Given the history of high heterogeneity and no recent anomalies, Trimmed Mean is appropriate for round 4.",2
397,exp2_mAgent_a0.3_s2,5,0.3,Agent,87.61,0.5501,0.9289,0.8806,1,"[0, 1, 2, 4]",Trimmed Mean,"[0, 1, 4]",Round 5 shows a stable clean environment with no recent anomalies or noisy clients.,2
398,exp2_mAgent_a0.3_s2,6,0.3,Agent,47.2,0.7762,0.63,0.3126,2,"[0, 2, 4]",Trimmed Mean,"[0, 2]",Round 6 exhibits high heterogeneity and no recent anomalies.,2
399,exp2_mAgent_a0.3_s2,7,0.3,Agent,84.08,0.4466,0.9047,0.9251,1,"[0, 1, 2, 4]",Trimmed Mean,"[0, 1, 2]","Round 7 shows no recent anomalies, and Trimmed Mean is suitable for the current high heterogeneity situation without anomalies.",2
400,exp2_mAgent_a0.3_s2,8,0.3,Agent,88.65,0.4522,0.9359,0.8762,1,"[0, 1, 2, 4]",Trimmed Mean,"[0, 1, 4]","Round 8 shows no recent anomalies, and Trimmed Mean is suitable for the current high heterogeneity situation.",2
401,exp2_mAgent_a0.3_s3,1,0.3,Agent,60.14,0.9145,0.7197,0.8391,2,"[0, 1, 4]",Krum,"[0, 1, 4]","Client 2 and 3 have been anomalous in previous rounds, suggesting repeated anomalies.",3
402,exp2_mAgent_a0.3_s3,2,0.3,Agent,10.0,0.9923,0.0,0.8169,1,"[0, 1, 2, 4]",Trimmed Mean,"[0, 1, 2]","The selected combination is chosen to exclude anomalous clients and has low cosine similarity, suggesting noisy clients.",3
403,exp2_mAgent_a0.3_s3,3,0.3,Agent,39.61,0.8758,0.4963,0.8673,2,"[0, 1, 4]",Median,"[0, 1, 4]","The third round has a history of anomalous clients which suggests repeated anomalies, thus Krum is not suitable and Median is chosen due to high heterogeneity and low alpha.",3
404,exp2_mAgent_a0.3_s3,4,0.3,Agent,71.5,0.5256,0.8137,0.902,2,"[0, 1, 4]",Median,"[0, 1, 4]","Round 4 shows no anomalies, alpha is not low, and Median can handle high heterogeneity in absence of anomalies.",3
405,exp2_mAgent_a0.3_s3,5,0.3,Agent,56.35,0.6933,0.6812,0.9089,2,"[0, 1, 4]",Trimmed Mean,"[0, 1, 4]","Round 5 has no anomalous clients, and previous rounds with anomalies had high heterogeneity and low alpha, suggesting Median or Trimmed Mean is suitable.",3
406,exp2_mAgent_a0.3_s3,6,0.3,Agent,16.12,1.0544,0.1273,0.8202,1,"[0, 1, 2, 4]",Trimmed Mean,"[0, 1, 2]",High heterogeneity and the absence of anomalies in round 6 suggest Trimmed Mean as the appropriate method.,3
407,exp2_mAgent_a0.3_s3,7,0.3,Agent,73.84,0.5008,0.8317,0.9129,2,"[0, 1, 4]",Trimmed Mean,"[0, 1, 4]","Round 7 has no anomalous clients, and previous rounds with anomalies had high heterogeneity and low alpha, suggesting Trimmed Mean is suitable.",3
408,exp2_mAgent_a0.3_s3,8,0.3,Agent,82.84,0.3513,0.8963,0.9195,1,"[0, 1, 2, 4]",Trimmed Mean,"[0, 1, 4]","Round 8 shows no anomalous clients, high heterogeneity, and a stable clean round history, suggesting Trimmed Mean is suitable.",3
409,exp2_mAgent_a0.3_s4,1,0.3,Agent,74.86,0.5141,0.8423,0.8263,0,"[0, 1, 2, 3, 4]",Krum,"[0, 1, 2, 3]","Clients 0, 1, 2, and 3 have been identified as having high cosine similarity scores and low weight variation, indicating they are not noisy, but the alpha is not zero, suggesting high heterogeneity and hence, Trimmed Mean would be preferred; however, Krum is chosen for its robustness to outliers.",4
410,exp2_mAgent_a0.3_s4,2,0.3,Agent,10.0,0.9927,0.0,0.8096,0,"[0, 1, 2, 3, 4]",Krum,"[0, 1, 2, 3]","Given the history of stable, non-anomalous aggregation and the need for robustness to outliers, Krum is the best choice.",4
411,exp2_mAgent_a0.3_s4,3,0.3,Agent,68.86,0.8102,0.7951,0.843,0,"[0, 1, 2, 3, 4]",Krum,"[0, 1, 2, 3]","Clients 0, 1, 2, and 3 have been identified as non-anomalous with high cosine similarity and low weight variation, thus Krum is the suitable robust aggregation method.",4
412,exp2_mAgent_a0.3_s4,4,0.3,Agent,66.02,0.5736,0.7707,0.8556,0,"[0, 1, 2, 3, 4]",Krum,"[0, 1, 2, 3]","Clients 0, 1, 2, and 3 have been identified as non-anomalous with high cosine similarity and low weight variation.",4
413,exp2_mAgent_a0.3_s4,5,0.3,Agent,58.95,0.6158,0.7067,0.8817,0,"[0, 1, 2, 3, 4]",Trimmed Mean,"[0, 1, 2, 3]",High heterogeneity and absence of anomalies favor Trimmed Mean over Krum.,4
414,exp2_mAgent_a0.3_s4,6,0.3,Agent,48.43,0.6992,0.5995,0.8999,0,"[0, 1, 2, 3, 4]",Trimmed Mean,"[0, 1, 2]","Given the current high heterogeneity and no anomalies, Trimmed Mean is more suitable than Krum.",4
415,exp2_mAgent_a0.3_s4,7,0.3,Agent,36.76,0.7837,0.4595,0.888,0,"[0, 1, 2, 3, 4]",Trimmed Mean,"[0, 1, 2]",The current high heterogeneity and no anomalies suggest Trimmed Mean over Krum.,4
416,exp2_mAgent_a0.3_s4,8,0.3,Agent,29.75,0.9025,0.3607,0.8609,0,"[0, 1, 2, 3, 4]",Trimmed Mean,"[0, 1, 2]","Given the current high heterogeneity and no anomalies, Trimmed Mean is more suitable than Krum.",4
417,exp2_mAgent_a0.3_s5,1,0.3,Agent,72.28,0.5693,0.8204,0.8923,1,"[0, 1, 2, 3]",Krum,"[0, 1, 2]","Clients 4 is anomalous and should be excluded; we are in a clean round with no repeated anomalies, and alpha is not too low, suggesting heterogeneity might not be very high.",5
418,exp2_mAgent_a0.3_s5,2,0.3,Agent,84.46,0.3523,0.9076,0.9109,2,"[0, 1, 2]",Krum,"[0, 1]",Exclude client 4 for anomaly and utilize Krum for heterogeneity.,5
419,exp2_mAgent_a0.3_s5,3,0.3,Agent,60.2,0.6565,0.7412,0.4856,2,"[0, 1, 2]",Trimmed Mean,"[0, 1, 2]",Alpha is low indicating high heterogeneity and no anomalies; Trimmed Mean mitigates noise.,5
420,exp2_mAgent_a0.3_s5,4,0.3,Agent,77.6,0.491,0.8616,0.8682,1,"[0, 1, 2, 3]",Trimmed Mean,"[0, 1, 2]","High alpha indicates high heterogeneity and no anomalies, Trimmed Mean mitigates noise.",5
421,exp2_mAgent_a0.3_s5,5,0.3,Agent,91.57,0.5006,0.9545,0.7911,1,"[0, 1, 2, 3]",Trimmed Mean,"[0, 1, 3]","In round 5, we have one anomalous client and a moderate level of heterogeneity, suggesting Trimmed Mean to mitigate noise and anomaly.",5
422,exp2_mAgent_a0.3_s5,6,0.3,Agent,38.96,0.9928,0.5284,0.4124,2,"[0, 1, 2]",Trimmed Mean,"[0, 1]","Client 4 is anomalous; Trimmed Mean is suitable for non-anomalous, heterogeneous data.",5
423,exp2_mAgent_a0.3_s5,7,0.3,Agent,45.75,0.8006,0.5954,0.5484,2,"[0, 1, 2]",Trimmed Mean,"[0, 1]","High heterogeneity and presence of anomalous clients, thus Trimmed Mean is suitable to mitigate noise and anomaly.",5
424,exp2_mAgent_a0.3_s5,8,0.3,Agent,88.18,0.3247,0.932,0.9057,1,"[0, 1, 2, 3]",Trimmed Mean,"[0, 1, 2]",High heterogeneity and no anomalies in the last round.,5
425,exp2_mAgent_a1.0_s1,1,1.0,Agent,86.94,0.3834,0.924,0.9024,2,"[0, 1, 4]",Trimmed Mean,"[0, 1, 4]",Selected combination is not anomalous and using Trimmed Mean to mitigate noise from clients.,1
426,exp2_mAgent_a1.0_s1,2,1.0,Agent,85.51,0.3262,0.9141,0.9273,2,"[0, 1, 4]",Trimmed Mean,"[0, 1, 4]","Client combination [0, 1, 4] excludes anomalous clients and Trimmed Mean is suitable for the current round considering the history of noise.",1
427,exp2_mAgent_a1.0_s1,3,1.0,Agent,10.17,1.0603,0.0038,0.8195,1,"[0, 1, 2, 4]",Trimmed Mean,"[0, 1, 2]","Excludes anomalous client 3 and reduces the impact of noise, suitable for the presence of anomalies and heterogeneity in previous rounds.",1
428,exp2_mAgent_a1.0_s1,4,1.0,Agent,85.89,0.3168,0.9163,0.9314,1,"[0, 1, 2, 4]",Trimmed Mean,"[0, 1]","Client combination [0, 1] excludes anomalous client and history shows Trimmed Mean suits noisy rounds.",1
429,exp2_mAgent_a1.0_s1,5,1.0,Agent,85.72,0.3305,0.9151,0.9371,1,"[0, 1, 2, 4]",Trimmed Mean,"[0, 1, 4]","Client combination [0, 1, 4] excludes the anomalous client and history suggests Trimmed Mean to handle noise.",1
430,exp2_mAgent_a1.0_s1,6,1.0,Agent,86.49,0.3045,0.9201,0.939,2,"[0, 1, 4]",Trimmed Mean,"[0, 1]",Excludes anomalous client and reduces noise impact with historical performance in mind.,1
431,exp2_mAgent_a1.0_s1,7,1.0,Agent,89.54,0.2577,0.9394,0.9435,1,"[0, 1, 2, 4]",Trimmed Mean,"[0, 1, 4]","Client combination [0, 1, 4] excludes anomalous client and history shows Trimmed Mean suits noisy rounds.",1
432,exp2_mAgent_a1.0_s1,8,1.0,Agent,90.35,0.2442,0.9443,0.9467,2,"[0, 1, 4]",Trimmed Mean,"[0, 1, 4]","Client combination [0, 1, 4] excludes the anomalous client and history suggests Trimmed Mean to handle noise.",1
433,exp2_mAgent_a1.0_s2,1,1.0,Agent,75.17,0.5202,0.8432,0.8766,1,"[1, 2, 3, 4]",Krum,"[1, 2, 3]","Client 0 is anomalous and excluded, and there are no signals of noisy or high heterogeneity clients.",2
434,exp2_mAgent_a1.0_s2,2,1.0,Agent,11.22,2.1335,0.1642,0.0846,0,"[0, 1, 2, 3, 4]",Krum,"[0, 1, 2, 3]","Client 4 is anomalous and excluded, there are no signals of noisy or high heterogeneity clients, and this is not the first round.",2
435,exp2_mAgent_a1.0_s2,3,1.0,Agent,63.12,0.5939,0.7434,0.9279,1,"[0, 1, 2, 4]",Trimmed Mean,"[0, 1, 2]","Round 3 has no detected anomalous clients and is stable, but with alpha=1.0, Krum is still appropriate to handle potential heterogeneity.",2
436,exp2_mAgent_a1.0_s2,4,1.0,Agent,79.06,0.4227,0.8697,0.9314,1,"[0, 1, 2, 4]",Trimmed Mean,"[0, 1, 2]","Round 4 has no detected anomalous clients and is stable, with alpha=1.0 favoring Trimmed Mean to handle potential heterogeneity.",2
437,exp2_mAgent_a1.0_s2,5,1.0,Agent,85.41,0.32,0.913,0.937,2,"[1, 2, 4]",Trimmed Mean,"[1, 2]",Round 5 is stable with no detected anomalous clients and no indication of high heterogeneity or noisy behavior.,2
438,exp2_mAgent_a1.0_s2,6,1.0,Agent,87.46,0.2835,0.9263,0.9428,1,"[0, 1, 2, 4]",Trimmed Mean,"[1, 2]",Stable clean round with no detected anomalous clients and no indication of high heterogeneity or noisy behavior.,2
439,exp2_mAgent_a1.0_s2,7,1.0,Agent,88.35,0.2795,0.9319,0.9454,1,"[0, 1, 2, 4]",Trimmed Mean,"[1, 2]",Round 7 is stable with no detected anomalous clients and no indication of high heterogeneity or noisy behavior.,2
440,exp2_mAgent_a1.0_s2,8,1.0,Agent,85.4,0.3376,0.9128,0.9436,1,"[0, 1, 2, 4]",Trimmed Mean,"[1, 2]","Round 8 is a clean round with no anomalous clients, and using Trimmed Mean as there is no high heterogeneity or noisy behavior detected.",2
441,exp2_mAgent_a1.0_s3,1,1.0,Agent,50.34,0.6937,0.6261,0.7586,1,"[0, 1, 2, 4]",Trimmed Mean,"[0, 1, 2]",This combination excludes the anomalous client and addresses the noisy nature implied by the low alpha value.,3
442,exp2_mAgent_a1.0_s3,2,1.0,Agent,61.65,0.654,0.7326,0.8696,1,"[0, 1, 2, 4]",Trimmed Mean,"[0, 1, 2]",This combination excludes the anomalous client and addresses the noisy nature implied by the low alpha value.,3
443,exp2_mAgent_a1.0_s3,3,1.0,Agent,76.04,0.5596,0.8519,0.8079,1,"[0, 1, 2, 4]",Trimmed Mean,"[0, 1, 2]",This method addresses the noisy nature and ensures only clean clients are aggregated.,3
444,exp2_mAgent_a1.0_s3,4,1.0,Agent,68.88,0.5953,0.7937,0.8859,1,"[0, 1, 2, 4]",Trimmed Mean,"[0, 1, 2]","Client combination [0, 1, 2] is chosen to exclude the anomalous client and address the noisy nature implied by the low alpha value.",3
445,exp2_mAgent_a1.0_s3,5,1.0,Agent,58.79,0.6472,0.7064,0.8481,1,"[0, 1, 2, 4]",Trimmed Mean,"[0, 1, 2]",This method addresses the noisy nature and ensures only clean clients are aggregated.,3
446,exp2_mAgent_a1.0_s3,6,1.0,Agent,47.26,0.7204,0.5926,0.7405,1,"[0, 1, 2, 4]",Trimmed Mean,"[0, 1, 2]",This method addresses the noisy nature and ensures only clean clients are aggregated.,3
447,exp2_mAgent_a1.0_s3,7,1.0,Agent,73.01,0.5225,0.8278,0.8458,1,"[0, 1, 2, 4]",Trimmed Mean,"[0, 1, 2]",This method addresses the noisy nature and ensures only clean clients are aggregated.,3
448,exp2_mAgent_a1.0_s3,8,1.0,Agent,39.99,0.8457,0.5065,0.7482,1,"[0, 1, 2, 4]",Trimmed Mean,"[0, 1, 2]",This method addresses the noisy nature and ensures only clean clients are aggregated.,3
449,exp2_mAgent_a1.0_s4,1,1.0,Agent,82.29,0.4278,0.8932,0.8941,1,"[0, 1, 2, 4]",Krum,"[0, 1, 2]","Round 1 with anomalies detected, hence using Krum for anomaly resilience.",4
450,exp2_mAgent_a1.0_s4,2,1.0,Agent,85.84,0.3427,0.9165,0.9173,1,"[0, 1, 2, 4]",Krum,"[0, 1, 2]","There are anomalies detected, and Median and Trimmed Mean are not suitable due to high heterogeneity (alpha=1.0).",4
451,exp2_mAgent_a1.0_s4,3,1.0,Agent,80.85,0.4181,0.8828,0.922,1,"[0, 1, 2, 4]",Krum,"[0, 1, 2]","Round 3 has anomalies and high heterogeneity, hence using Krum aggregation method.",4
452,exp2_mAgent_a1.0_s4,4,1.0,Agent,87.07,0.3022,0.9242,0.9255,1,"[0, 1, 2, 4]",Krum,"[0, 1, 2]","Round 4 has anomalies and high heterogeneity, hence using Krum aggregation method.",4
453,exp2_mAgent_a1.0_s4,5,1.0,Agent,87.53,0.3451,0.9271,0.9211,1,"[0, 1, 2, 4]",Krum,"[0, 1, 2]","Round 5 has anomalies and high heterogeneity, hence using Krum for anomaly resilience.",4
454,exp2_mAgent_a1.0_s4,6,1.0,Agent,89.93,0.3339,0.9422,0.9234,1,"[0, 1, 2, 4]",Krum,"[0, 1, 2]","Round 6 has anomalies detected and high heterogeneity, hence using Krum aggregation method.",4
455,exp2_mAgent_a1.0_s4,7,1.0,Agent,91.68,0.2882,0.953,0.9199,1,"[0, 1, 2, 4]",Krum,"[0, 1, 2]","The selected combination exhibits high cosine similarity, ensuring effective aggregation despite the presence of anomalies.",4
456,exp2_mAgent_a1.0_s4,8,1.0,Agent,89.8,0.3652,0.9413,0.9257,1,"[0, 1, 2, 4]",Krum,"[0, 1, 2]",The selected combination has high cosine similarity and exhibits good performance in the presence of anomalies.,4
457,exp2_mAgent_a1.0_s5,1,1.0,Agent,83.0,0.3964,0.8977,0.9174,1,"[0, 1, 3, 4]",Krum,"[0, 1, 3]",Excluded anomalous client 2 and chosen Krum due to no repeated anomalies and potential noise.,5
458,exp2_mAgent_a1.0_s5,2,1.0,Agent,90.81,0.6133,0.9504,0.8737,1,"[0, 1, 3, 4]",Median,"[0, 1, 3, 4]","High heterogeneity with alpha less than 1.0, thus Median is suitable for noisy clients without anomalies.",5
459,exp2_mAgent_a1.0_s5,3,1.0,Agent,74.61,0.5325,0.8372,0.9272,1,"[0, 1, 3, 4]",Median,"[0, 1, 3]","To handle high heterogeneity with alpha less than 1.0 and potential noise, Median is more suitable than Krum which is better for low heterogeneity.",5
460,exp2_mAgent_a1.0_s5,4,1.0,Agent,67.52,0.5537,0.7814,0.9099,1,"[0, 1, 3, 4]",Median,"[0, 1, 3]","High heterogeneity with alpha less than 1.0, thus Median is suitable for noisy clients without anomalies.",5
461,exp2_mAgent_a1.0_s5,5,1.0,Agent,44.42,0.6727,0.5551,0.8515,1,"[0, 1, 3, 4]",Median,"[0, 1, 3]",Median method is chosen to handle high heterogeneity with alpha less than 1.0 and to accommodate potential noise from non-anomalous clients.,5
462,exp2_mAgent_a1.0_s5,6,1.0,Agent,59.01,0.5961,0.7071,0.8773,1,"[0, 1, 3, 4]",Median,"[0, 1, 3]",High heterogeneity with alpha less than 1.0 and potential noise from non-anomalous clients.,5
463,exp2_mAgent_a1.0_s5,7,1.0,Agent,54.8,0.6665,0.6691,0.8258,1,"[0, 1, 3, 4]",Median,"[0, 1, 3]","Considering the high heterogeneity and potential noise from non-anomalous clients, Median is more suitable than Krum.",5
464,exp2_mAgent_a1.0_s5,8,1.0,Agent,57.44,0.6349,0.6933,0.8529,1,"[0, 1, 3, 4]",Median,"[0, 1, 3]","Median is more suitable for handling high heterogeneity with alpha less than 1.0 and potential noise, considering Krum is better for low heterogeneity.",5
1,exp2_mFedAvg_a0.3_s1,1,0.3,FedAvg,90.0,0.3466,0.9474,0.7878,2,"[1, 3, 4]",FedAvg,"[1, 3, 4]",Fixed baseline,1
2,exp2_mFedAvg_a0.3_s1,2,0.3,FedAvg,80.23,0.4968,0.8799,0.8589,3,"[3, 4]",FedAvg,"[3, 4]",Fixed baseline,1
3,exp2_mFedAvg_a0.3_s1,3,0.3,FedAvg,91.06,0.2655,0.9525,0.8418,2,"[1, 3, 4]",FedAvg,"[1, 3, 4]",Fixed baseline,1
4,exp2_mFedAvg_a0.3_s1,4,0.3,FedAvg,86.64,0.4152,0.9225,0.886,3,"[3, 4]",FedAvg,"[3, 4]",Fixed baseline,1
5,exp2_mFedAvg_a0.3_s1,5,0.3,FedAvg,91.24,0.2503,0.9533,0.8556,2,"[1, 3, 4]",FedAvg,"[1, 3, 4]",Fixed baseline,1
6,exp2_mFedAvg_a0.3_s1,6,0.3,FedAvg,78.29,0.5132,0.8652,0.896,3,"[3, 4]",FedAvg,"[3, 4]",Fixed baseline,1
7,exp2_mFedAvg_a0.3_s1,7,0.3,FedAvg,91.57,0.2421,0.9551,0.8816,2,"[1, 3, 4]",FedAvg,"[1, 3, 4]",Fixed baseline,1
8,exp2_mFedAvg_a0.3_s1,8,0.3,FedAvg,85.21,0.3566,0.9125,0.9109,3,"[3, 4]",FedAvg,"[3, 4]",Fixed baseline,1
9,exp2_mFedAvg_a0.3_s2,1,0.3,FedAvg,76.02,0.5892,0.8488,0.9001,1,"[0, 1, 2, 4]",FedAvg,"[0, 1, 2, 4]",Fixed baseline,2
10,exp2_mFedAvg_a0.3_s2,2,0.3,FedAvg,87.68,0.5494,0.9287,0.9132,1,"[0, 1, 2, 4]",FedAvg,"[0, 1, 2, 4]",Fixed baseline,2
11,exp2_mFedAvg_a0.3_s2,3,0.3,FedAvg,90.18,0.4,0.944,0.9278,1,"[0, 1, 2, 4]",FedAvg,"[0, 1, 2, 4]",Fixed baseline,2
12,exp2_mFedAvg_a0.3_s2,4,0.3,FedAvg,87.84,0.4639,0.9292,0.9275,1,"[0, 1, 2, 4]",FedAvg,"[0, 1, 2, 4]",Fixed baseline,2
13,exp2_mFedAvg_a0.3_s2,5,0.3,FedAvg,88.57,0.4472,0.9339,0.927,1,"[0, 1, 2, 4]",FedAvg,"[0, 1, 2, 4]",Fixed baseline,2
14,exp2_mFedAvg_a0.3_s2,6,0.3,FedAvg,91.99,0.359,0.9552,0.9292,1,"[0, 1, 2, 4]",FedAvg,"[0, 1, 2, 4]",Fixed baseline,2
15,exp2_mFedAvg_a0.3_s2,7,0.3,FedAvg,87.85,0.3917,0.9292,0.93,1,"[0, 1, 2, 4]",FedAvg,"[0, 1, 2, 4]",Fixed baseline,2
16,exp2_mFedAvg_a0.3_s2,8,0.3,FedAvg,91.76,0.2773,0.9537,0.9275,1,"[0, 1, 2, 4]",FedAvg,"[0, 1, 2, 4]",Fixed baseline,2
17,exp2_mFedAvg_a0.3_s3,1,0.3,FedAvg,81.45,0.6088,0.8886,0.8644,2,"[0, 1, 4]",FedAvg,"[0, 1, 4]",Fixed baseline,3
18,exp2_mFedAvg_a0.3_s3,2,0.3,FedAvg,90.02,0.3637,0.9475,0.8841,1,"[0, 1, 3, 4]",FedAvg,"[0, 1, 3, 4]",Fixed baseline,3
19,exp2_mFedAvg_a0.3_s3,3,0.3,FedAvg,90.58,0.3338,0.9501,0.8917,1,"[0, 1, 3, 4]",FedAvg,"[0, 1, 3, 4]",Fixed baseline,3
20,exp2_mFedAvg_a0.3_s3,4,0.3,FedAvg,90.69,0.3064,0.9507,0.8615,1,"[0, 1, 3, 4]",FedAvg,"[0, 1, 3, 4]",Fixed baseline,3
21,exp2_mFedAvg_a0.3_s3,5,0.3,FedAvg,91.67,0.3008,0.9553,0.8967,1,"[0, 1, 3, 4]",FedAvg,"[0, 1, 3, 4]",Fixed baseline,3
22,exp2_mFedAvg_a0.3_s3,6,0.3,FedAvg,92.01,0.2601,0.9566,0.9043,2,"[0, 1, 3]",FedAvg,"[0, 1, 3]",Fixed baseline,3
23,exp2_mFedAvg_a0.3_s3,7,0.3,FedAvg,92.6,0.2334,0.9601,0.9171,1,"[0, 1, 3, 4]",FedAvg,"[0, 1, 3, 4]",Fixed baseline,3
24,exp2_mFedAvg_a0.3_s4,1,0.3,FedAvg,90.02,0.6467,0.945,0.8331,0,"[0, 1, 2, 3, 4]",FedAvg,"[0, 1, 2, 3, 4]",Fixed baseline,4
25,exp2_mFedAvg_a0.3_s4,2,0.3,FedAvg,76.42,0.6217,0.8513,0.9145,0,"[0, 1, 2, 3, 4]",FedAvg,"[0, 1, 2, 3, 4]",Fixed baseline,4
26,exp2_mFedAvg_a0.3_s4,3,0.3,FedAvg,84.02,0.4726,0.9041,0.9252,0,"[0, 1, 2, 3, 4]",FedAvg,"[0, 1, 2, 3, 4]",Fixed baseline,4
27,exp2_mFedAvg_a0.3_s4,4,0.3,FedAvg,82.08,0.4295,0.8908,0.9342,0,"[0, 1, 2, 3, 4]",FedAvg,"[0, 1, 2, 3, 4]",Fixed baseline,4
28,exp2_mFedAvg_a0.3_s4,5,0.3,FedAvg,83.83,0.4365,0.9025,0.9378,0,"[0, 1, 2, 3, 4]",FedAvg,"[0, 1, 2, 3, 4]",Fixed baseline,4
29,exp2_mFedAvg_a0.3_s4,6,0.3,FedAvg,82.79,0.4046,0.8954,0.9414,0,"[0, 1, 2, 3, 4]",FedAvg,"[0, 1, 2, 3, 4]",Fixed baseline,4
30,exp2_mFedAvg_a0.3_s4,7,0.3,FedAvg,87.18,0.367,0.9244,0.9443,0,"[0, 1, 2, 3, 4]",FedAvg,"[0, 1, 2, 3, 4]",Fixed baseline,4
31,exp2_mFedAvg_a0.3_s4,8,0.3,FedAvg,83.09,0.4253,0.8974,0.942,0,"[0, 1, 2, 3, 4]",FedAvg,"[0, 1, 2, 3, 4]",Fixed baseline,4
32,exp2_mFedAvg_a0.3_s5,1,0.3,FedAvg,91.05,0.5271,0.9512,0.8839,1,"[0, 1, 2, 3]",FedAvg,"[0, 1, 2, 3]",Fixed baseline,5
33,exp2_mFedAvg_a0.3_s5,2,0.3,FedAvg,91.5,0.4791,0.9534,0.8895,1,"[0, 1, 2, 3]",FedAvg,"[0, 1, 2, 3]",Fixed baseline,5
34,exp2_mFedAvg_a0.3_s5,3,0.3,FedAvg,91.98,0.4086,0.956,0.8992,1,"[0, 1, 2, 3]",FedAvg,"[0, 1, 2, 3]",Fixed baseline,5
35,exp2_mFedAvg_a0.3_s5,4,0.3,FedAvg,92.48,0.4243,0.9589,0.8979,1,"[0, 1, 2, 3]",FedAvg,"[0, 1, 2, 3]",Fixed baseline,5
36,exp2_mFedAvg_a0.3_s5,5,0.3,FedAvg,81.91,0.4765,0.8939,0.827,2,"[0, 1, 2]",FedAvg,"[0, 1, 2]",Fixed baseline,5
37,exp2_mFedAvg_a0.3_s5,6,0.3,FedAvg,92.09,0.3704,0.9564,0.9048,1,"[0, 1, 2, 3]",FedAvg,"[0, 1, 2, 3]",Fixed baseline,5
38,exp2_mFedAvg_a0.3_s5,7,0.3,FedAvg,76.34,0.5381,0.8564,0.7808,2,"[0, 1, 2]",FedAvg,"[0, 1, 2]",Fixed baseline,5
39,exp2_mFedAvg_a0.3_s5,8,0.3,FedAvg,88.41,0.4171,0.9337,0.889,1,"[0, 1, 2, 3]",FedAvg,"[0, 1, 2, 3]",Fixed baseline,5
40,exp2_mFedAvg_a1.0_s1,1,1.0,FedAvg,87.05,0.3883,0.9247,0.9016,2,"[0, 1, 4]",FedAvg,"[0, 1, 4]",Fixed baseline,1
41,exp2_mFedAvg_a1.0_s1,2,1.0,FedAvg,90.18,0.4131,0.9444,0.9123,1,"[0, 1, 3, 4]",FedAvg,"[0, 1, 3, 4]",Fixed baseline,1
42,exp2_mFedAvg_a1.0_s1,3,1.0,FedAvg,87.27,0.3085,0.9252,0.9347,2,"[0, 1, 4]",FedAvg,"[0, 1, 4]",Fixed baseline,1
43,exp2_mFedAvg_a1.0_s1,4,1.0,FedAvg,88.73,0.2801,0.9344,0.9408,2,"[0, 1, 4]",FedAvg,"[0, 1, 4]",Fixed baseline,1
44,exp2_mFedAvg_a1.0_s1,5,1.0,FedAvg,89.6,0.2626,0.9399,0.942,2,"[0, 1, 4]",FedAvg,"[0, 1, 4]",Fixed baseline,1
45,exp2_mFedAvg_a1.0_s1,6,1.0,FedAvg,88.95,0.2781,0.9356,0.9453,2,"[0, 1, 4]",FedAvg,"[0, 1, 4]",Fixed baseline,1
46,exp2_mFedAvg_a1.0_s1,7,1.0,FedAvg,89.67,0.2614,0.9401,0.9461,2,"[0, 1, 4]",FedAvg,"[0, 1, 4]",Fixed baseline,1
47,exp2_mFedAvg_a1.0_s2,1,1.0,FedAvg,14.08,0.7457,0.0867,0.8718,0,"[0, 1, 2, 3, 4]",FedAvg,"[0, 1, 2, 3, 4]",Fixed baseline,2
48,exp2_mFedAvg_a1.0_s2,2,1.0,FedAvg,66.59,0.6054,0.7741,0.9004,0,"[0, 1, 2, 3, 4]",FedAvg,"[0, 1, 2, 3, 4]",Fixed baseline,2
49,exp2_mFedAvg_a1.0_s2,3,1.0,FedAvg,83.5,0.5286,0.9012,0.9118,0,"[0, 1, 2, 3, 4]",FedAvg,"[0, 1, 2, 3, 4]",Fixed baseline,2
50,exp2_mFedAvg_a1.0_s2,4,1.0,FedAvg,86.89,0.4182,0.9231,0.9244,0,"[0, 1, 2, 3, 4]",FedAvg,"[0, 1, 2, 3, 4]",Fixed baseline,2
51,exp2_mFedAvg_a1.0_s2,5,1.0,FedAvg,88.06,0.3929,0.9303,0.9337,0,"[0, 1, 2, 3, 4]",FedAvg,"[0, 1, 2, 3, 4]",Fixed baseline,2
52,exp2_mFedAvg_a1.0_s2,6,1.0,FedAvg,81.08,0.4224,0.8838,0.9322,1,"[0, 1, 2, 4]",FedAvg,"[0, 1, 2, 4]",Fixed baseline,2
53,exp2_mFedAvg_a1.0_s2,7,1.0,FedAvg,79.0,0.4177,0.869,0.9389,1,"[0, 1, 2, 4]",FedAvg,"[0, 1, 2, 4]",Fixed baseline,2
54,exp2_mFedAvg_a1.0_s2,8,1.0,FedAvg,82.18,0.4281,0.8919,0.9197,1,"[0, 1, 2, 4]",FedAvg,"[0, 1, 2, 4]",Fixed baseline,2
55,exp2_mFedAvg_a1.0_s3,1,1.0,FedAvg,80.32,0.5479,0.8798,0.8963,1,"[0, 1, 2, 4]",FedAvg,"[0, 1, 2, 4]",Fixed baseline,3
56,exp2_mFedAvg_a1.0_s3,2,1.0,FedAvg,75.14,0.5717,0.8419,0.9109,1,"[0, 1, 2, 4]",FedAvg,"[0, 1, 2, 4]",Fixed baseline,3
57,exp2_mFedAvg_a1.0_s3,3,1.0,FedAvg,87.34,0.3857,0.926,0.9248,1,"[0, 1, 2, 4]",FedAvg,"[0, 1, 2, 4]",Fixed baseline,3
58,exp2_mFedAvg_a1.0_s3,4,1.0,FedAvg,85.81,0.4576,0.9161,0.9261,1,"[0, 1, 2, 4]",FedAvg,"[0, 1, 2, 4]",Fixed baseline,3
59,exp2_mFedAvg_a1.0_s3,5,1.0,FedAvg,80.57,0.4955,0.8809,0.9189,1,"[0, 1, 2, 4]",FedAvg,"[0, 1, 2, 4]",Fixed baseline,3
60,exp2_mFedAvg_a1.0_s3,6,1.0,FedAvg,85.28,0.417,0.913,0.916,1,"[0, 1, 2, 4]",FedAvg,"[0, 1, 2, 4]",Fixed baseline,3
61,exp2_mFedAvg_a1.0_s3,7,1.0,FedAvg,88.34,0.3586,0.9326,0.9212,1,"[0, 1, 2, 4]",FedAvg,"[0, 1, 2, 4]",Fixed baseline,3
62,exp2_mFedAvg_a1.0_s3,8,1.0,FedAvg,83.26,0.4313,0.9,0.9048,1,"[0, 1, 2, 4]",FedAvg,"[0, 1, 2, 4]",Fixed baseline,3
63,exp2_mFedAvg_a1.0_s4,1,1.0,FedAvg,88.74,0.5264,0.9356,0.8934,1,"[0, 1, 2, 4]",FedAvg,"[0, 1, 2, 4]",Fixed baseline,4
64,exp2_mFedAvg_a1.0_s4,2,1.0,FedAvg,88.31,0.3838,0.9323,0.9246,1,"[0, 1, 2, 4]",FedAvg,"[0, 1, 2, 4]",Fixed baseline,4
65,exp2_mFedAvg_a1.0_s4,3,1.0,FedAvg,84.87,0.4869,0.91,0.9219,1,"[0, 1, 2, 4]",FedAvg,"[0, 1, 2, 4]",Fixed baseline,4
66,exp2_mFedAvg_a1.0_s4,4,1.0,FedAvg,89.95,0.3949,0.9422,0.9309,1,"[0, 1, 2, 4]",FedAvg,"[0, 1, 2, 4]",Fixed baseline,4
67,exp2_mFedAvg_a1.0_s4,5,1.0,FedAvg,91.18,0.3563,0.9501,0.927,1,"[0, 1, 2, 4]",FedAvg,"[0, 1, 2, 4]",Fixed baseline,4
68,exp2_mFedAvg_a1.0_s4,6,1.0,FedAvg,91.7,0.313,0.9531,0.9293,1,"[0, 1, 2, 4]",FedAvg,"[0, 1, 2, 4]",Fixed baseline,4
69,exp2_mFedAvg_a1.0_s4,7,1.0,FedAvg,86.59,0.4349,0.9221,0.8911,1,"[0, 1, 2, 4]",FedAvg,"[0, 1, 2, 4]",Fixed baseline,4
70,exp2_mFedAvg_a1.0_s4,8,1.0,FedAvg,90.83,0.2783,0.9478,0.9305,1,"[0, 1, 2, 4]",FedAvg,"[0, 1, 2, 4]",Fixed baseline,4
71,exp2_mFedAvg_a1.0_s5,1,1.0,FedAvg,77.87,0.5593,0.8622,0.8973,1,"[0, 1, 3, 4]",FedAvg,"[0, 1, 3, 4]",Fixed baseline,5
72,exp2_mFedAvg_a1.0_s5,2,1.0,FedAvg,72.74,0.5568,0.8231,0.9182,1,"[0, 1, 3, 4]",FedAvg,"[0, 1, 3, 4]",Fixed baseline,5
73,exp2_mFedAvg_a1.0_s5,3,1.0,FedAvg,76.4,0.5008,0.8505,0.927,1,"[0, 1, 3, 4]",FedAvg,"[0, 1, 3, 4]",Fixed baseline,5
74,exp2_mFedAvg_a1.0_s5,4,1.0,FedAvg,73.75,0.5184,0.8309,0.919,1,"[0, 1, 3, 4]",FedAvg,"[0, 1, 3, 4]",Fixed baseline,5
75,exp2_mFedAvg_a1.0_s5,5,1.0,FedAvg,74.01,0.4956,0.8325,0.9292,1,"[0, 1, 3, 4]",FedAvg,"[0, 1, 3, 4]",Fixed baseline,5
76,exp2_mFedAvg_a1.0_s5,6,1.0,FedAvg,80.24,0.4365,0.8784,0.9166,1,"[0, 1, 3, 4]",FedAvg,"[0, 1, 3, 4]",Fixed baseline,5
77,exp2_mFedAvg_a1.0_s5,7,1.0,FedAvg,83.67,0.4158,0.9015,0.9367,1,"[0, 1, 3, 4]",FedAvg,"[0, 1, 3, 4]",Fixed baseline,5
78,exp2_mFedAvg_a1.0_s5,8,1.0,FedAvg,83.36,0.394,0.8995,0.9307,1,"[0, 1, 3, 4]",FedAvg,"[0, 1, 3, 4]",Fixed baseline,5
79,exp2_mKrum_a0.3_s1,1,0.3,Krum,90.0,3.0364,0.9474,0.5001,2,"[1, 3, 4]",Krum,"[1, 3, 4]",Fixed baseline,1
80,exp2_mKrum_a0.3_s1,2,0.3,Krum,90.0,2.9827,0.9474,0.4989,2,"[1, 3, 4]",Krum,"[1, 3, 4]",Fixed baseline,1
81,exp2_mKrum_a0.3_s1,3,0.3,Krum,90.0,2.9301,0.9474,0.5,2,"[1, 3, 4]",Krum,"[1, 3, 4]",Fixed baseline,1
82,exp2_mKrum_a0.3_s1,4,0.3,Krum,90.0,2.8785,0.9474,0.4995,2,"[1, 3, 4]",Krum,"[1, 3, 4]",Fixed baseline,1
83,exp2_mKrum_a0.3_s1,5,0.3,Krum,90.0,2.8278,0.9474,0.4989,2,"[1, 3, 4]",Krum,"[1, 3, 4]",Fixed baseline,1
84,exp2_mKrum_a0.3_s1,6,0.3,Krum,90.0,2.7782,0.9474,0.5003,2,"[1, 3, 4]",Krum,"[1, 3, 4]",Fixed baseline,1
85,exp2_mKrum_a0.3_s1,7,0.3,Krum,90.0,2.7297,0.9474,0.5005,2,"[1, 3, 4]",Krum,"[1, 3, 4]",Fixed baseline,1
86,exp2_mKrum_a0.3_s1,8,0.3,Krum,90.0,2.6822,0.9474,0.5003,2,"[1, 3, 4]",Krum,"[1, 3, 4]",Fixed baseline,1
87,exp2_mKrum_a0.3_s2,1,0.3,Krum,11.0,2.8082,0.1533,0.0966,1,"[0, 1, 2, 4]",Krum,"[0, 1, 2, 4]",Fixed baseline,2
88,exp2_mKrum_a0.3_s2,2,0.3,Krum,15.55,2.7308,0.2495,0.0796,1,"[0, 1, 2, 4]",Krum,"[0, 1, 2, 4]",Fixed baseline,2
89,exp2_mKrum_a0.3_s2,3,0.3,Krum,15.4,3.3249,0.2484,0.0765,1,"[0, 1, 2, 4]",Krum,"[0, 1, 2, 4]",Fixed baseline,2
90,exp2_mKrum_a0.3_s2,4,0.3,Krum,13.47,3.8908,0.211,0.0825,1,"[0, 1, 2, 4]",Krum,"[0, 1, 2, 4]",Fixed baseline,2
91,exp2_mKrum_a0.3_s2,5,0.3,Krum,9.88,6.7455,0.1446,0.0735,1,"[0, 1, 2, 4]",Krum,"[0, 1, 2, 4]",Fixed baseline,2
92,exp2_mKrum_a0.3_s2,6,0.3,Krum,14.23,5.9088,0.2246,0.0863,1,"[0, 1, 2, 4]",Krum,"[0, 1, 2, 4]",Fixed baseline,2
93,exp2_mKrum_a0.3_s2,7,0.3,Krum,6.67,10.3705,0.0545,0.076,2,"[0, 2, 4]",Krum,"[0, 2, 4]",Fixed baseline,2
94,exp2_mKrum_a0.3_s2,8,0.3,Krum,8.95,8.7074,0.1261,0.0779,2,"[0, 2, 4]",Krum,"[0, 2, 4]",Fixed baseline,2
95,exp2_mKrum_a0.3_s3,1,0.3,Krum,61.41,0.879,0.731,0.8403,2,"[0, 1, 4]",Krum,"[0, 1, 4]",Fixed baseline,3
96,exp2_mKrum_a0.3_s3,2,0.3,Krum,62.58,0.7269,0.7408,0.8609,2,"[0, 1, 4]",Krum,"[0, 1, 4]",Fixed baseline,3
97,exp2_mKrum_a0.3_s3,3,0.3,Krum,41.47,1.3796,0.5199,0.8582,2,"[0, 1, 4]",Krum,"[0, 1, 4]",Fixed baseline,3
98,exp2_mKrum_a0.3_s3,4,0.3,Krum,72.21,0.6441,0.8216,0.8466,2,"[0, 1, 4]",Krum,"[0, 1, 4]",Fixed baseline,3
99,exp2_mKrum_a0.3_s3,5,0.3,Krum,57.84,1.2129,0.6971,0.8589,2,"[0, 1, 4]",Krum,"[0, 1, 4]",Fixed baseline,3
100,exp2_mKrum_a0.3_s3,6,0.3,Krum,43.78,2.1696,0.549,0.7969,2,"[0, 1, 4]",Krum,"[0, 1, 4]",Fixed baseline,3
101,exp2_mKrum_a0.3_s4,1,0.3,Krum,74.88,0.5142,0.8424,0.8264,0,"[0, 1, 2, 3, 4]",Krum,"[0, 1, 2, 3, 4]",Fixed baseline,4
102,exp2_mKrum_a0.3_s4,2,0.3,Krum,10.0,0.9917,0.0,0.8074,0,"[0, 1, 2, 3, 4]",Krum,"[0, 1, 2, 3, 4]",Fixed baseline,4
103,exp2_mKrum_a0.3_s4,3,0.3,Krum,70.87,0.7592,0.8109,0.8428,0,"[0, 1, 2, 3, 4]",Krum,"[0, 1, 2, 3, 4]",Fixed baseline,4
104,exp2_mKrum_a0.3_s4,4,0.3,Krum,61.41,0.7306,0.7303,0.8532,0,"[0, 1, 2, 3, 4]",Krum,"[0, 1, 2, 3, 4]",Fixed baseline,4
105,exp2_mKrum_a0.3_s4,5,0.3,Krum,61.33,0.7822,0.7303,0.8484,0,"[0, 1, 2, 3, 4]",Krum,"[0, 1, 2, 3, 4]",Fixed baseline,4
106,exp2_mKrum_a0.3_s4,6,0.3,Krum,56.1,1.0173,0.6822,0.8446,0,"[0, 1, 2, 3, 4]",Krum,"[0, 1, 2, 3, 4]",Fixed baseline,4
107,exp2_mKrum_a0.3_s4,7,0.3,Krum,69.46,0.8718,0.8001,0.8426,0,"[0, 1, 2, 3, 4]",Krum,"[0, 1, 2, 3, 4]",Fixed baseline,4
108,exp2_mKrum_a0.3_s4,8,0.3,Krum,43.69,2.7627,0.5472,0.8443,0,"[0, 1, 2, 3, 4]",Krum,"[0, 1, 2, 3, 4]",Fixed baseline,4
109,exp2_mKrum_a0.3_s5,1,0.3,Krum,72.5,0.5622,0.8222,0.8923,1,"[0, 1, 2, 3]",Krum,"[0, 1, 2, 3]",Fixed baseline,5
110,exp2_mKrum_a0.3_s5,2,0.3,Krum,83.18,0.3808,0.899,0.9105,2,"[0, 1, 2]",Krum,"[0, 1, 2]",Fixed baseline,5
111,exp2_mKrum_a0.3_s5,3,0.3,Krum,89.43,0.2579,0.9399,0.8985,2,"[0, 1, 2]",Krum,"[0, 1, 2]",Fixed baseline,5
112,exp2_mKrum_a0.3_s5,4,0.3,Krum,90.54,0.2308,0.9462,0.9199,2,"[0, 1, 2]",Krum,"[0, 1, 2]",Fixed baseline,5
113,exp2_mKrum_a0.3_s5,5,0.3,Krum,87.63,0.2959,0.9279,0.9237,2,"[0, 1, 2]",Krum,"[0, 1, 2]",Fixed baseline,5
114,exp2_mKrum_a0.3_s5,6,0.3,Krum,83.67,0.4097,0.9024,0.9122,2,"[0, 1, 2]",Krum,"[0, 1, 2]",Fixed baseline,5
115,exp2_mKrum_a0.3_s5,7,0.3,Krum,86.1,0.3931,0.9181,0.9198,2,"[0, 1, 2]",Krum,"[0, 1, 2]",Fixed baseline,5
116,exp2_mKrum_a0.3_s5,8,0.3,Krum,89.51,0.3472,0.9401,0.9138,2,"[0, 1, 2]",Krum,"[0, 1, 2]",Fixed baseline,5
117,exp2_mKrum_a1.0_s1,1,1.0,Krum,90.04,0.3151,0.9441,0.8944,1,"[0, 1, 2, 4]",Krum,"[0, 1, 2, 4]",Fixed baseline,1
118,exp2_mKrum_a1.0_s1,2,1.0,Krum,86.76,0.3055,0.9228,0.9067,2,"[0, 1, 4]",Krum,"[0, 1, 4]",Fixed baseline,1
119,exp2_mKrum_a1.0_s1,3,1.0,Krum,86.84,0.33,0.9227,0.9229,2,"[0, 1, 4]",Krum,"[0, 1, 4]",Fixed baseline,1
120,exp2_mKrum_a1.0_s1,4,1.0,Krum,90.37,0.2559,0.945,0.9275,2,"[0, 1, 4]",Krum,"[0, 1, 4]",Fixed baseline,1
121,exp2_mKrum_a1.0_s1,5,1.0,Krum,88.82,0.2946,0.9355,0.9175,1,"[0, 1, 3, 4]",Krum,"[0, 1, 3, 4]",Fixed baseline,1
122,exp2_mKrum_a1.0_s2,1,1.0,Krum,71.99,0.5644,0.8189,0.8786,0,"[0, 1, 2, 3, 4]",Krum,"[0, 1, 2, 3, 4]",Fixed baseline,2
123,exp2_mKrum_a1.0_s2,2,1.0,Krum,79.93,0.4176,0.8767,0.9026,0,"[0, 1, 2, 3, 4]",Krum,"[0, 1, 2, 3, 4]",Fixed baseline,2
124,exp2_mKrum_a1.0_s2,3,1.0,Krum,15.25,1.8512,0.2405,0.0905,1,"[0, 1, 2, 4]",Krum,"[0, 1, 2, 4]",Fixed baseline,2
125,exp2_mKrum_a1.0_s2,4,1.0,Krum,13.79,4.1274,0.2203,0.0738,1,"[0, 1, 2, 4]",Krum,"[0, 1, 2, 4]",Fixed baseline,2
126,exp2_mKrum_a1.0_s2,5,1.0,Krum,9.56,3.5925,0.1345,0.0755,1,"[0, 1, 2, 4]",Krum,"[0, 1, 2, 4]",Fixed baseline,2
127,exp2_mKrum_a1.0_s2,6,1.0,Krum,78.62,0.4241,0.8669,0.9172,2,"[1, 2, 4]",Krum,"[1, 2, 4]",Fixed baseline,2
128,exp2_mKrum_a1.0_s2,7,1.0,Krum,8.41,4.5468,0.1051,0.0795,1,"[0, 1, 2, 4]",Krum,"[0, 1, 2, 4]",Fixed baseline,2
129,exp2_mKrum_a1.0_s2,8,1.0,Krum,10.78,3.7838,0.1619,0.0691,1,"[0, 1, 2, 4]",Krum,"[0, 1, 2, 4]",Fixed baseline,2
130,exp2_mKrum_a1.0_s3,1,1.0,Krum,74.84,0.4955,0.8396,0.9066,1,"[0, 1, 2, 4]",Krum,"[0, 1, 2, 4]",Fixed baseline,3
131,exp2_mKrum_a1.0_s3,2,1.0,Krum,81.74,0.3965,0.8889,0.9171,1,"[0, 1, 2, 4]",Krum,"[0, 1, 2, 4]",Fixed baseline,3
132,exp2_mKrum_a1.0_s3,3,1.0,Krum,90.37,0.2393,0.9449,0.9294,1,"[0, 1, 2, 4]",Krum,"[0, 1, 2, 4]",Fixed baseline,3
133,exp2_mKrum_a1.0_s3,4,1.0,Krum,84.86,0.3544,0.9096,0.9306,1,"[0, 1, 2, 4]",Krum,"[0, 1, 2, 4]",Fixed baseline,3
134,exp2_mKrum_a1.0_s3,5,1.0,Krum,86.83,0.3653,0.9225,0.934,1,"[0, 1, 2, 4]",Krum,"[0, 1, 2, 4]",Fixed baseline,3
135,exp2_mKrum_a1.0_s3,6,1.0,Krum,89.48,0.324,0.9392,0.9395,1,"[0, 1, 2, 4]",Krum,"[0, 1, 2, 4]",Fixed baseline,3
136,exp2_mKrum_a1.0_s3,7,1.0,Krum,85.89,0.4082,0.9164,0.9336,1,"[0, 1, 2, 4]",Krum,"[0, 1, 2, 4]",Fixed baseline,3
137,exp2_mKrum_a1.0_s3,8,1.0,Krum,83.81,0.6336,0.9024,0.9358,1,"[0, 1, 2, 4]",Krum,"[0, 1, 2, 4]",Fixed baseline,3
138,exp2_mKrum_a1.0_s4,1,1.0,Krum,82.18,0.4418,0.8925,0.8928,1,"[0, 1, 2, 4]",Krum,"[0, 1, 2, 4]",Fixed baseline,4
139,exp2_mKrum_a1.0_s4,2,1.0,Krum,86.36,0.3352,0.9198,0.9174,1,"[0, 1, 2, 4]",Krum,"[0, 1, 2, 4]",Fixed baseline,4
140,exp2_mKrum_a1.0_s4,3,1.0,Krum,79.18,0.4593,0.871,0.9226,1,"[0, 1, 2, 4]",Krum,"[0, 1, 2, 4]",Fixed baseline,4
141,exp2_mKrum_a1.0_s4,4,1.0,Krum,86.62,0.3011,0.9213,0.927,1,"[0, 1, 2, 4]",Krum,"[0, 1, 2, 4]",Fixed baseline,4
142,exp2_mKrum_a1.0_s4,5,1.0,Krum,86.6,0.3676,0.9211,0.9232,1,"[0, 1, 2, 4]",Krum,"[0, 1, 2, 4]",Fixed baseline,4
143,exp2_mKrum_a1.0_s4,6,1.0,Krum,80.35,0.5344,0.8794,0.9179,1,"[0, 1, 2, 4]",Krum,"[0, 1, 2, 4]",Fixed baseline,4
144,exp2_mKrum_a1.0_s4,7,1.0,Krum,89.4,0.3569,0.9389,0.925,1,"[0, 1, 2, 4]",Krum,"[0, 1, 2, 4]",Fixed baseline,4
145,exp2_mKrum_a1.0_s4,8,1.0,Krum,90.48,0.3184,0.9457,0.9244,1,"[0, 1, 2, 4]",Krum,"[0, 1, 2, 4]",Fixed baseline,4
146,exp2_mKrum_a1.0_s5,1,1.0,Krum,84.81,0.3604,0.9098,0.9142,1,"[0, 1, 3, 4]",Krum,"[0, 1, 3, 4]",Fixed baseline,5
147,exp2_mKrum_a1.0_s5,2,1.0,Krum,85.96,0.326,0.9167,0.9345,1,"[0, 1, 3, 4]",Krum,"[0, 1, 3, 4]",Fixed baseline,5
148,exp2_mKrum_a1.0_s5,3,1.0,Krum,90.51,0.2322,0.9456,0.9376,1,"[0, 1, 3, 4]",Krum,"[0, 1, 3, 4]",Fixed baseline,5
149,exp2_mKrum_a1.0_s5,4,1.0,Krum,90.65,0.2439,0.9463,0.9404,1,"[0, 1, 3, 4]",Krum,"[0, 1, 3, 4]",Fixed baseline,5
150,exp2_mKrum_a1.0_s5,5,1.0,Krum,89.2,0.2841,0.9374,0.9391,1,"[0, 1, 3, 4]",Krum,"[0, 1, 3, 4]",Fixed baseline,5
151,exp2_mKrum_a1.0_s5,6,1.0,Krum,89.0,0.3414,0.9361,0.9385,1,"[0, 1, 3, 4]",Krum,"[0, 1, 3, 4]",Fixed baseline,5
152,exp2_mKrum_a1.0_s5,7,1.0,Krum,91.0,0.3282,0.9485,0.9405,1,"[0, 1, 3, 4]",Krum,"[0, 1, 3, 4]",Fixed baseline,5
153,exp2_mKrum_a1.0_s5,8,1.0,Krum,91.22,0.3354,0.9499,0.9387,1,"[0, 1, 3, 4]",Krum,"[0, 1, 3, 4]",Fixed baseline,5
154,exp2_mMedian_a0.3_s1,1,0.3,Median,90.09,0.2566,0.9478,0.8284,2,"[1, 3, 4]",Median,"[1, 3, 4]",Fixed baseline,1
155,exp2_mMedian_a0.3_s1,2,0.3,Median,90.07,0.5852,0.945,0.873,3,"[3, 4]",Median,"[3, 4]",Fixed baseline,1
156,exp2_mMedian_a0.3_s1,3,0.3,Median,91.38,0.2415,0.953,0.8622,2,"[1, 3, 4]",Median,"[1, 3, 4]",Fixed baseline,1
157,exp2_mMedian_a0.3_s1,4,0.3,Median,91.15,0.2573,0.9527,0.8571,2,"[1, 3, 4]",Median,"[1, 3, 4]",Fixed baseline,1
158,exp2_mMedian_a0.3_s1,5,0.3,Median,91.69,0.469,0.9549,0.8859,3,"[3, 4]",Median,"[3, 4]",Fixed baseline,1
159,exp2_mMedian_a0.3_s1,6,0.3,Median,90.98,0.2379,0.9509,0.8712,2,"[1, 3, 4]",Median,"[1, 3, 4]",Fixed baseline,1
160,exp2_mMedian_a0.3_s1,7,0.3,Median,91.93,0.4268,0.9558,0.8945,3,"[3, 4]",Median,"[3, 4]",Fixed baseline,1
161,exp2_mMedian_a0.3_s1,8,0.3,Median,91.9,0.2333,0.9563,0.8898,2,"[1, 3, 4]",Median,"[1, 3, 4]",Fixed baseline,1
162,exp2_mMedian_a0.3_s2,1,0.3,Median,11.26,0.7024,0.0276,0.8686,1,"[0, 1, 2, 4]",Median,"[0, 1, 2, 4]",Fixed baseline,2
163,exp2_mMedian_a0.3_s2,2,0.3,Median,90.69,0.5576,0.9508,0.8941,1,"[0, 1, 2, 4]",Median,"[0, 1, 2, 4]",Fixed baseline,2
164,exp2_mMedian_a0.3_s2,3,0.3,Median,91.99,0.4964,0.9572,0.9189,1,"[0, 1, 2, 4]",Median,"[0, 1, 2, 4]",Fixed baseline,2
165,exp2_mMedian_a0.3_s2,4,0.3,Median,92.16,0.5788,0.9579,0.8886,1,"[0, 1, 2, 4]",Median,"[0, 1, 2, 4]",Fixed baseline,2
166,exp2_mMedian_a0.3_s2,5,0.3,Median,92.35,0.498,0.9588,0.92,1,"[0, 1, 2, 4]",Median,"[0, 1, 2, 4]",Fixed baseline,2
167,exp2_mMedian_a0.3_s2,6,0.3,Median,92.17,0.526,0.9579,0.9012,1,"[0, 1, 2, 4]",Median,"[0, 1, 2, 4]",Fixed baseline,2
168,exp2_mMedian_a0.3_s2,7,0.3,Median,92.57,0.5229,0.9595,0.9063,1,"[0, 1, 2, 4]",Median,"[0, 1, 2, 4]",Fixed baseline,2
169,exp2_mMedian_a0.3_s2,8,0.3,Median,92.22,0.5247,0.9579,0.8926,1,"[0, 1, 2, 4]",Median,"[0, 1, 2, 4]",Fixed baseline,2
170,exp2_mMedian_a0.3_s3,1,0.3,Median,55.68,0.7125,0.676,0.8629,2,"[0, 1, 4]",Median,"[0, 1, 4]",Fixed baseline,3
171,exp2_mMedian_a0.3_s3,2,0.3,Median,72.29,0.6145,0.8204,0.8898,2,"[0, 1, 4]",Median,"[0, 1, 4]",Fixed baseline,3
172,exp2_mMedian_a0.3_s3,3,0.3,Median,90.83,0.6425,0.9501,0.8579,1,"[0, 1, 2, 4]",Median,"[0, 1, 2, 4]",Fixed baseline,3
173,exp2_mMedian_a0.3_s3,4,0.3,Median,65.74,0.654,0.767,0.8952,0,"[0, 1, 2, 3, 4]",Median,"[0, 1, 2, 3, 4]",Fixed baseline,3
174,exp2_mMedian_a0.3_s3,5,0.3,Median,60.1,0.6688,0.7171,0.8904,0,"[0, 1, 2, 3, 4]",Median,"[0, 1, 2, 3, 4]",Fixed baseline,3
175,exp2_mMedian_a0.3_s3,6,0.3,Median,64.24,0.6709,0.7548,0.8862,1,"[0, 1, 2, 4]",Median,"[0, 1, 2, 4]",Fixed baseline,3
176,exp2_mMedian_a0.3_s3,7,0.3,Median,84.65,0.5582,0.9093,0.8928,1,"[0, 1, 3, 4]",Median,"[0, 1, 3, 4]",Fixed baseline,3
177,exp2_mMedian_a0.3_s3,8,0.3,Median,80.54,0.5282,0.8814,0.8918,0,"[0, 1, 2, 3, 4]",Median,"[0, 1, 2, 3, 4]",Fixed baseline,3
178,exp2_mMedian_a0.3_s4,1,0.3,Median,90.0,0.5869,0.9474,0.8652,0,"[0, 1, 2, 3, 4]",Median,"[0, 1, 2, 3, 4]",Fixed baseline,4
179,exp2_mMedian_a0.3_s4,2,0.3,Median,92.01,0.5444,0.9562,0.9008,0,"[0, 1, 2, 3, 4]",Median,"[0, 1, 2, 3, 4]",Fixed baseline,4
180,exp2_mMedian_a0.3_s4,3,0.3,Median,91.21,0.4255,0.9504,0.9213,0,"[0, 1, 2, 3, 4]",Median,"[0, 1, 2, 3, 4]",Fixed baseline,4
181,exp2_mMedian_a0.3_s4,4,0.3,Median,91.68,0.3896,0.9531,0.9276,0,"[0, 1, 2, 3, 4]",Median,"[0, 1, 2, 3, 4]",Fixed baseline,4
182,exp2_mMedian_a0.3_s4,5,0.3,Median,92.72,0.3292,0.9593,0.9317,0,"[0, 1, 2, 3, 4]",Median,"[0, 1, 2, 3, 4]",Fixed baseline,4
183,exp2_mMedian_a0.3_s4,6,0.3,Median,92.35,0.3111,0.957,0.9355,0,"[0, 1, 2, 3, 4]",Median,"[0, 1, 2, 3, 4]",Fixed baseline,4
184,exp2_mMedian_a0.3_s4,7,0.3,Median,92.02,0.3213,0.9549,0.9362,0,"[0, 1, 2, 3, 4]",Median,"[0, 1, 2, 3, 4]",Fixed baseline,4
185,exp2_mMedian_a0.3_s4,8,0.3,Median,88.42,0.3697,0.9327,0.9311,0,"[0, 1, 2, 3, 4]",Median,"[0, 1, 2, 3, 4]",Fixed baseline,4
186,exp2_mMedian_a0.3_s5,1,0.3,Median,90.0,0.6186,0.9474,0.8626,1,"[0, 1, 2, 3]",Median,"[0, 1, 2, 3]",Fixed baseline,5
187,exp2_mMedian_a0.3_s5,2,0.3,Median,90.46,0.4442,0.9497,0.8891,3,"[0, 2]",Median,"[0, 2]",Fixed baseline,5
188,exp2_mMedian_a0.3_s5,3,0.3,Median,90.42,0.5045,0.9495,0.8885,1,"[0, 1, 2, 3]",Median,"[0, 1, 2, 3]",Fixed baseline,5
189,exp2_mMedian_a0.3_s5,4,0.3,Median,91.29,0.4966,0.9536,0.8788,1,"[0, 1, 2, 3]",Median,"[0, 1, 2, 3]",Fixed baseline,5
190,exp2_mMedian_a0.3_s5,5,0.3,Median,90.34,0.5012,0.9481,0.8606,1,"[0, 1, 2, 3]",Median,"[0, 1, 2, 3]",Fixed baseline,5
191,exp2_mMedian_a0.3_s5,6,0.3,Median,86.76,0.4138,0.9228,0.9141,2,"[0, 1, 2]",Median,"[0, 1, 2]",Fixed baseline,5
192,exp2_mMedian_a0.3_s5,7,0.3,Median,74.51,0.608,0.8409,0.8139,2,"[0, 1, 2]",Median,"[0, 1, 2]",Fixed baseline,5
193,exp2_mMedian_a0.3_s5,8,0.3,Median,90.09,0.461,0.9463,0.8784,1,"[0, 1, 2, 3]",Median,"[0, 1, 2, 3]",Fixed baseline,5
194,exp2_mMedian_a1.0_s1,1,1.0,Median,86.69,0.4173,0.9224,0.8994,2,"[0, 1, 4]",Median,"[0, 1, 4]",Fixed baseline,1
195,exp2_mMedian_a1.0_s1,2,1.0,Median,82.53,0.3894,0.8941,0.925,2,"[0, 1, 4]",Median,"[0, 1, 4]",Fixed baseline,1
196,exp2_mMedian_a1.0_s1,3,1.0,Median,89.3,0.5698,0.9392,0.9074,1,"[0, 1, 2, 4]",Median,"[0, 1, 2, 4]",Fixed baseline,1
197,exp2_mMedian_a1.0_s2,1,1.0,Median,53.96,0.6819,0.658,0.8983,0,"[0, 1, 2, 3, 4]",Median,"[0, 1, 2, 3, 4]",Fixed baseline,2
198,exp2_mMedian_a1.0_s2,2,1.0,Median,77.41,0.5669,0.8584,0.9133,0,"[0, 1, 2, 3, 4]",Median,"[0, 1, 2, 3, 4]",Fixed baseline,2
199,exp2_mMedian_a1.0_s2,3,1.0,Median,85.22,0.4398,0.9122,0.9256,0,"[0, 1, 2, 3, 4]",Median,"[0, 1, 2, 3, 4]",Fixed baseline,2
200,exp2_mMedian_a1.0_s2,4,1.0,Median,90.27,0.4419,0.9445,0.9243,0,"[0, 1, 2, 3, 4]",Median,"[0, 1, 2, 3, 4]",Fixed baseline,2
201,exp2_mMedian_a1.0_s2,5,1.0,Median,92.46,0.3561,0.9578,0.9324,0,"[0, 1, 2, 3, 4]",Median,"[0, 1, 2, 3, 4]",Fixed baseline,2
202,exp2_mMedian_a1.0_s2,6,1.0,Median,92.97,0.3361,0.9608,0.9387,0,"[0, 1, 2, 3, 4]",Median,"[0, 1, 2, 3, 4]",Fixed baseline,2
203,exp2_mMedian_a1.0_s2,7,1.0,Median,91.91,0.4943,0.9568,0.8987,1,"[0, 1, 2, 4]",Median,"[0, 1, 2, 4]",Fixed baseline,2
204,exp2_mMedian_a1.0_s2,8,1.0,Median,91.94,0.4904,0.9569,0.8983,1,"[0, 1, 2, 4]",Median,"[0, 1, 2, 4]",Fixed baseline,2
205,exp2_mMedian_a1.0_s3,1,1.0,Median,22.6,0.7057,0.2461,0.883,1,"[0, 1, 2, 4]",Median,"[0, 1, 2, 4]",Fixed baseline,3
206,exp2_mMedian_a1.0_s3,2,1.0,Median,47.64,0.6781,0.591,0.9028,1,"[0, 1, 2, 4]",Median,"[0, 1, 2, 4]",Fixed baseline,3
207,exp2_mMedian_a1.0_s3,3,1.0,Median,88.84,0.6029,0.9359,0.9139,1,"[0, 1, 2, 4]",Median,"[0, 1, 2, 4]",Fixed baseline,3
208,exp2_mMedian_a1.0_s3,4,1.0,Median,59.65,0.6288,0.7125,0.9175,1,"[0, 1, 2, 4]",Median,"[0, 1, 2, 4]",Fixed baseline,3
209,exp2_mMedian_a1.0_s3,5,1.0,Median,52.02,0.6438,0.6377,0.9143,1,"[0, 1, 2, 4]",Median,"[0, 1, 2, 4]",Fixed baseline,3
210,exp2_mMedian_a1.0_s3,6,1.0,Median,47.06,0.6551,0.5841,0.9115,1,"[0, 1, 2, 4]",Median,"[0, 1, 2, 4]",Fixed baseline,3
211,exp2_mMedian_a1.0_s3,7,1.0,Median,55.54,0.6079,0.6734,0.9147,1,"[0, 1, 2, 4]",Median,"[0, 1, 2, 4]",Fixed baseline,3
212,exp2_mMedian_a1.0_s3,8,1.0,Median,55.5,0.6175,0.6727,0.9236,1,"[0, 1, 2, 4]",Median,"[0, 1, 2, 4]",Fixed baseline,3
213,exp2_mMedian_a1.0_s4,1,1.0,Median,90.34,0.6161,0.949,0.8694,1,"[0, 1, 2, 4]",Median,"[0, 1, 2, 4]",Fixed baseline,4
214,exp2_mMedian_a1.0_s4,2,1.0,Median,91.93,0.5202,0.9569,0.9093,1,"[0, 1, 2, 4]",Median,"[0, 1, 2, 4]",Fixed baseline,4
215,exp2_mMedian_a1.0_s4,3,1.0,Median,92.61,0.5535,0.9601,0.8996,1,"[0, 1, 2, 4]",Median,"[0, 1, 2, 4]",Fixed baseline,4
216,exp2_mMedian_a1.0_s4,4,1.0,Median,92.74,0.4987,0.961,0.9107,1,"[0, 1, 2, 4]",Median,"[0, 1, 2, 4]",Fixed baseline,4
217,exp2_mMedian_a1.0_s4,5,1.0,Median,92.05,0.4656,0.9576,0.9134,1,"[0, 1, 2, 4]",Median,"[0, 1, 2, 4]",Fixed baseline,4
218,exp2_mMedian_a1.0_s4,6,1.0,Median,93.07,0.5043,0.9624,0.906,1,"[0, 1, 2, 4]",Median,"[0, 1, 2, 4]",Fixed baseline,4
219,exp2_mMedian_a1.0_s4,7,1.0,Median,93.22,0.4958,0.9628,0.9138,1,"[0, 1, 2, 4]",Median,"[0, 1, 2, 4]",Fixed baseline,4
220,exp2_mMedian_a1.0_s4,8,1.0,Median,92.55,0.4857,0.9588,0.915,1,"[0, 1, 2, 4]",Median,"[0, 1, 2, 4]",Fixed baseline,4
221,exp2_mMedian_a1.0_s5,1,1.0,Median,90.19,0.6837,0.9481,0.853,1,"[0, 1, 3, 4]",Median,"[0, 1, 3, 4]",Fixed baseline,5
222,exp2_mMedian_a1.0_s5,2,1.0,Median,12.42,0.7285,0.0526,0.869,1,"[0, 1, 3, 4]",Median,"[0, 1, 3, 4]",Fixed baseline,5
223,exp2_mMedian_a1.0_s5,3,1.0,Median,32.46,0.6942,0.4005,0.8871,1,"[0, 1, 3, 4]",Median,"[0, 1, 3, 4]",Fixed baseline,5
224,exp2_mMedian_a1.0_s5,4,1.0,Median,90.47,0.6279,0.9465,0.8992,1,"[0, 1, 3, 4]",Median,"[0, 1, 3, 4]",Fixed baseline,5
225,exp2_mMedian_a1.0_s5,5,1.0,Median,90.32,0.6055,0.9455,0.9029,1,"[0, 1, 3, 4]",Median,"[0, 1, 3, 4]",Fixed baseline,5
226,exp2_mMedian_a1.0_s5,6,1.0,Median,91.73,0.5944,0.9543,0.9049,1,"[0, 1, 3, 4]",Median,"[0, 1, 3, 4]",Fixed baseline,5
227,exp2_mMedian_a1.0_s5,7,1.0,Median,91.7,0.5604,0.9542,0.9064,1,"[0, 1, 3, 4]",Median,"[0, 1, 3, 4]",Fixed baseline,5
228,exp2_mMedian_a1.0_s5,8,1.0,Median,92.29,0.5212,0.958,0.9067,1,"[0, 1, 3, 4]",Median,"[0, 1, 3, 4]",Fixed baseline,5
309,exp2_mRuleBased_a0.3_s1,1,0.3,RuleBased,90.0,3.0364,0.9474,0.5001,2,"[1, 3, 4]",Krum,"[1, 3, 4]","Anomalous clients [0, 2] detected; excluding them and applying Byzantine-robust Krum.",1
310,exp2_mRuleBased_a0.3_s1,2,0.3,RuleBased,90.0,2.9827,0.9474,0.4989,2,"[1, 3, 4]",Krum,"[1, 3, 4]","Anomalous clients [0, 2] detected; excluding them and applying Byzantine-robust Krum.",1
311,exp2_mRuleBased_a0.3_s1,3,0.3,RuleBased,90.0,2.9301,0.9474,0.5,2,"[1, 3, 4]",Krum,"[1, 3, 4]","Anomalous clients [0, 2] detected; excluding them and applying Byzantine-robust Krum.",1
312,exp2_mRuleBased_a0.3_s1,4,0.3,RuleBased,90.0,2.8785,0.9474,0.4995,2,"[1, 3, 4]",Krum,"[1, 3, 4]","Anomalous clients [0, 2] detected; excluding them and applying Byzantine-robust Krum.",1
313,exp2_mRuleBased_a0.3_s1,5,0.3,RuleBased,90.0,2.8278,0.9474,0.4989,2,"[1, 3, 4]",Krum,"[1, 3, 4]","Anomalous clients [0, 2] detected; excluding them and applying Byzantine-robust Krum.",1
314,exp2_mRuleBased_a0.3_s1,6,0.3,RuleBased,90.0,2.7782,0.9474,0.5003,2,"[1, 3, 4]",Krum,"[1, 3, 4]","Anomalous clients [0, 2] detected; excluding them and applying Byzantine-robust Krum.",1
315,exp2_mRuleBased_a0.3_s1,7,0.3,RuleBased,90.0,2.7297,0.9474,0.5005,2,"[1, 3, 4]",Krum,"[1, 3, 4]","Anomalous clients [0, 2] detected; excluding them and applying Byzantine-robust Krum.",1
316,exp2_mRuleBased_a0.3_s1,8,0.3,RuleBased,90.0,2.6822,0.9474,0.5003,2,"[1, 3, 4]",Krum,"[1, 3, 4]","Anomalous clients [0, 2] detected; excluding them and applying Byzantine-robust Krum.",1
317,exp2_mRuleBased_a0.3_s2,1,0.3,RuleBased,11.05,2.7102,0.1542,0.0959,1,"[0, 1, 2, 4]",Krum,"[0, 1, 2, 4]",Anomalous clients [3] detected; excluding them and applying Byzantine-robust Krum.,2
318,exp2_mRuleBased_a0.3_s2,2,0.3,RuleBased,16.58,2.7832,0.2657,0.0814,1,"[0, 1, 2, 4]",Krum,"[0, 1, 2, 4]",Anomalous clients [3] detected; excluding them and applying Byzantine-robust Krum.,2
319,exp2_mRuleBased_a0.3_s2,3,0.3,RuleBased,12.98,3.3589,0.2057,0.0769,1,"[0, 1, 2, 4]",Krum,"[0, 1, 2, 4]",Anomalous clients [3] detected; excluding them and applying Byzantine-robust Krum.,2
320,exp2_mRuleBased_a0.3_s2,4,0.3,RuleBased,13.68,3.5206,0.2138,0.0827,1,"[0, 1, 2, 4]",Krum,"[0, 1, 2, 4]",Anomalous clients [3] detected; excluding them and applying Byzantine-robust Krum.,2
321,exp2_mRuleBased_a0.3_s2,5,0.3,RuleBased,9.68,5.7523,0.1405,0.0706,1,"[0, 1, 2, 4]",Krum,"[0, 1, 2, 4]",Anomalous clients [3] detected; excluding them and applying Byzantine-robust Krum.,2
322,exp2_mRuleBased_a0.3_s2,6,0.3,RuleBased,8.45,6.4005,0.1069,0.079,1,"[0, 1, 2, 4]",Krum,"[0, 1, 2, 4]",Anomalous clients [3] detected; excluding them and applying Byzantine-robust Krum.,2
323,exp2_mRuleBased_a0.3_s2,7,0.3,RuleBased,7.66,8.2264,0.083,0.0768,2,"[0, 2, 4]",Krum,"[0, 2, 4]","Anomalous clients [1, 3] detected; excluding them and applying Byzantine-robust Krum.",2
324,exp2_mRuleBased_a0.3_s2,8,0.3,RuleBased,11.17,7.5078,0.1717,0.0758,2,"[0, 2, 4]",Krum,"[0, 2, 4]","Anomalous clients [1, 3] detected; excluding them and applying Byzantine-robust Krum.",2
325,exp2_mRuleBased_a0.3_s3,1,0.3,RuleBased,61.63,0.8722,0.733,0.8415,2,"[0, 1, 4]",Krum,"[0, 1, 4]","Anomalous clients [2, 3] detected; excluding them and applying Byzantine-robust Krum.",3
326,exp2_mRuleBased_a0.3_s3,2,0.3,RuleBased,63.73,0.6877,0.7509,0.8592,2,"[0, 1, 4]",Krum,"[0, 1, 4]","Anomalous clients [2, 3] detected; excluding them and applying Byzantine-robust Krum.",3
327,exp2_mRuleBased_a0.3_s3,3,0.3,RuleBased,39.13,1.4437,0.4907,0.8578,2,"[0, 1, 4]",Krum,"[0, 1, 4]","Anomalous clients [2, 3] detected; excluding them and applying Byzantine-robust Krum.",3
328,exp2_mRuleBased_a0.3_s3,4,0.3,RuleBased,68.69,0.7441,0.7927,0.8573,2,"[0, 1, 4]",Krum,"[0, 1, 4]","Anomalous clients [2, 3] detected; excluding them and applying Byzantine-robust Krum.",3
329,exp2_mRuleBased_a0.3_s3,5,0.3,RuleBased,58.54,1.1757,0.7036,0.8434,1,"[0, 1, 2, 4]",Krum,"[0, 1, 2, 4]",Anomalous clients [3] detected; excluding them and applying Byzantine-robust Krum.,3
330,exp2_mRuleBased_a0.3_s3,6,0.3,RuleBased,44.13,2.3515,0.5518,0.8506,2,"[0, 1, 4]",Krum,"[0, 1, 4]","Anomalous clients [2, 3] detected; excluding them and applying Byzantine-robust Krum.",3
331,exp2_mRuleBased_a0.3_s3,7,0.3,RuleBased,65.08,1.0931,0.7625,0.8339,1,"[0, 1, 2, 4]",Krum,"[0, 1, 2, 4]",Anomalous clients [3] detected; excluding them and applying Byzantine-robust Krum.,3
332,exp2_mRuleBased_a0.3_s3,8,0.3,RuleBased,15.67,1.4781,0.1195,0.8054,0,"[0, 1, 2, 3, 4]",Trimmed Mean,"[0, 1, 2, 3, 4]",High data heterogeneity (alpha=0.3); applying robust aggregation.,3
333,exp2_mRuleBased_a0.3_s4,1,0.3,RuleBased,90.0,0.5846,0.9474,0.8771,0,"[0, 1, 2, 3, 4]",Trimmed Mean,"[0, 1, 2, 3, 4]",High data heterogeneity (alpha=0.3); applying robust aggregation.,4
334,exp2_mRuleBased_a0.3_s4,2,0.3,RuleBased,90.75,0.5766,0.9477,0.9106,0,"[0, 1, 2, 3, 4]",Trimmed Mean,"[0, 1, 2, 3, 4]",High data heterogeneity (alpha=0.3); applying robust aggregation.,4
335,exp2_mRuleBased_a0.3_s4,3,0.3,RuleBased,90.26,0.4211,0.9443,0.9283,0,"[0, 1, 2, 3, 4]",Trimmed Mean,"[0, 1, 2, 3, 4]",High data heterogeneity (alpha=0.3); applying robust aggregation.,4
336,exp2_mRuleBased_a0.3_s4,4,0.3,RuleBased,87.66,0.4221,0.928,0.928,0,"[0, 1, 2, 3, 4]",Trimmed Mean,"[0, 1, 2, 3, 4]",High data heterogeneity (alpha=0.3); applying robust aggregation.,4
337,exp2_mRuleBased_a0.3_s4,5,0.3,RuleBased,91.36,0.3343,0.9509,0.9369,0,"[0, 1, 2, 3, 4]",Trimmed Mean,"[0, 1, 2, 3, 4]",High data heterogeneity (alpha=0.3); applying robust aggregation.,4
338,exp2_mRuleBased_a0.3_s4,6,0.3,RuleBased,91.38,0.3225,0.9509,0.9413,0,"[0, 1, 2, 3, 4]",Trimmed Mean,"[0, 1, 2, 3, 4]",High data heterogeneity (alpha=0.3); applying robust aggregation.,4
339,exp2_mRuleBased_a0.3_s4,7,0.3,RuleBased,92.23,0.3179,0.956,0.9451,0,"[0, 1, 2, 3, 4]",Trimmed Mean,"[0, 1, 2, 3, 4]",High data heterogeneity (alpha=0.3); applying robust aggregation.,4
340,exp2_mRuleBased_a0.3_s4,8,0.3,RuleBased,91.29,0.3445,0.9502,0.9454,0,"[0, 1, 2, 3, 4]",Trimmed Mean,"[0, 1, 2, 3, 4]",High data heterogeneity (alpha=0.3); applying robust aggregation.,4
341,exp2_mRuleBased_a0.3_s5,1,0.3,RuleBased,71.73,0.5805,0.8161,0.8919,1,"[0, 1, 2, 3]",Krum,"[0, 1, 2, 3]",Anomalous clients [4] detected; excluding them and applying Byzantine-robust Krum.,5
342,exp2_mRuleBased_a0.3_s5,2,0.3,RuleBased,83.24,0.376,0.8994,0.9111,2,"[0, 1, 2]",Krum,"[0, 1, 2]","Anomalous clients [3, 4] detected; excluding them and applying Byzantine-robust Krum.",5
343,exp2_mRuleBased_a0.3_s5,3,0.3,RuleBased,90.65,0.2384,0.9472,0.9068,2,"[0, 1, 2]",Krum,"[0, 1, 2]","Anomalous clients [3, 4] detected; excluding them and applying Byzantine-robust Krum.",5
344,exp2_mRuleBased_a0.3_s5,4,0.3,RuleBased,90.25,0.2402,0.9444,0.9217,2,"[0, 1, 2]",Krum,"[0, 1, 2]","Anomalous clients [3, 4] detected; excluding them and applying Byzantine-robust Krum.",5
345,exp2_mRuleBased_a0.3_s5,5,0.3,RuleBased,87.2,0.3107,0.9253,0.9185,2,"[0, 1, 2]",Krum,"[0, 1, 2]","Anomalous clients [3, 4] detected; excluding them and applying Byzantine-robust Krum.",5
346,exp2_mRuleBased_a0.3_s5,6,0.3,RuleBased,87.9,0.343,0.9296,0.9212,2,"[0, 1, 2]",Krum,"[0, 1, 2]","Anomalous clients [3, 4] detected; excluding them and applying Byzantine-robust Krum.",5
347,exp2_mRuleBased_a0.3_s5,7,0.3,RuleBased,85.43,0.46,0.9137,0.9214,2,"[0, 1, 2]",Krum,"[0, 1, 2]","Anomalous clients [3, 4] detected; excluding them and applying Byzantine-robust Krum.",5
348,exp2_mRuleBased_a0.3_s5,8,0.3,RuleBased,86.38,0.4873,0.9198,0.9258,2,"[0, 1, 2]",Krum,"[0, 1, 2]","Anomalous clients [3, 4] detected; excluding them and applying Byzantine-robust Krum.",5
349,exp2_mRuleBased_a1.0_s1,1,1.0,RuleBased,90.27,0.3004,0.9455,0.8948,2,"[0, 1, 4]",Krum,"[0, 1, 4]","Anomalous clients [2, 3] detected; excluding them and applying Byzantine-robust Krum.",1
350,exp2_mRuleBased_a1.0_s1,2,1.0,RuleBased,87.28,0.296,0.926,0.9121,2,"[0, 1, 4]",Krum,"[0, 1, 4]","Anomalous clients [2, 3] detected; excluding them and applying Byzantine-robust Krum.",1
351,exp2_mRuleBased_a1.0_s1,3,1.0,RuleBased,81.53,0.4386,0.8872,0.923,2,"[0, 1, 4]",Krum,"[0, 1, 4]","Anomalous clients [2, 3] detected; excluding them and applying Byzantine-robust Krum.",1
352,exp2_mRuleBased_a1.0_s1,4,1.0,RuleBased,86.25,0.3701,0.9188,0.9228,2,"[0, 1, 4]",Krum,"[0, 1, 4]","Anomalous clients [2, 3] detected; excluding them and applying Byzantine-robust Krum.",1
353,exp2_mRuleBased_a1.0_s2,1,1.0,RuleBased,52.72,0.684,0.6461,0.8794,0,"[0, 1, 2, 3, 4]",FedAvg,"[0, 1, 2, 3, 4]",No anomalies detected and low heterogeneity; FedAvg selected.,2
354,exp2_mRuleBased_a1.0_s2,2,1.0,RuleBased,81.18,0.5409,0.8855,0.9067,0,"[0, 1, 2, 3, 4]",FedAvg,"[0, 1, 2, 3, 4]",No anomalies detected and low heterogeneity; FedAvg selected.,2
355,exp2_mRuleBased_a1.0_s2,3,1.0,RuleBased,10.75,2.5042,0.1608,0.0732,1,"[0, 1, 2, 4]",Krum,"[0, 1, 2, 4]",Anomalous clients [3] detected; excluding them and applying Byzantine-robust Krum.,2
356,exp2_mRuleBased_a1.0_s2,4,1.0,RuleBased,10.01,3.6745,0.1492,0.0693,1,"[0, 1, 2, 4]",Krum,"[0, 1, 2, 4]",Anomalous clients [3] detected; excluding them and applying Byzantine-robust Krum.,2
357,exp2_mRuleBased_a1.0_s2,5,1.0,RuleBased,11.98,2.9529,0.1868,0.0757,1,"[0, 1, 2, 4]",Krum,"[0, 1, 2, 4]",Anomalous clients [3] detected; excluding them and applying Byzantine-robust Krum.,2
358,exp2_mRuleBased_a1.0_s2,6,1.0,RuleBased,8.47,5.2349,0.1045,0.072,1,"[0, 1, 2, 4]",Krum,"[0, 1, 2, 4]",Anomalous clients [3] detected; excluding them and applying Byzantine-robust Krum.,2
359,exp2_mRuleBased_a1.0_s2,7,1.0,RuleBased,43.14,0.6671,0.5429,0.8449,0,"[0, 1, 2, 3, 4]",FedAvg,"[0, 1, 2, 3, 4]",No anomalies detected and low heterogeneity; FedAvg selected.,2
360,exp2_mRuleBased_a1.0_s2,8,1.0,RuleBased,8.64,6.1927,0.1154,0.0718,1,"[0, 1, 2, 4]",Krum,"[0, 1, 2, 4]",Anomalous clients [3] detected; excluding them and applying Byzantine-robust Krum.,2
361,exp2_mRuleBased_a1.0_s3,1,1.0,RuleBased,73.68,0.5132,0.8308,0.9056,1,"[0, 1, 2, 4]",Krum,"[0, 1, 2, 4]",Anomalous clients [3] detected; excluding them and applying Byzantine-robust Krum.,3
362,exp2_mRuleBased_a1.0_s3,2,1.0,RuleBased,83.01,0.3666,0.8976,0.9196,1,"[0, 1, 2, 4]",Krum,"[0, 1, 2, 4]",Anomalous clients [3] detected; excluding them and applying Byzantine-robust Krum.,3
363,exp2_mRuleBased_a1.0_s3,3,1.0,RuleBased,90.09,0.2364,0.9432,0.9296,1,"[0, 1, 2, 4]",Krum,"[0, 1, 2, 4]",Anomalous clients [3] detected; excluding them and applying Byzantine-robust Krum.,3
364,exp2_mRuleBased_a1.0_s3,4,1.0,RuleBased,84.34,0.3724,0.906,0.9347,1,"[0, 1, 2, 4]",Krum,"[0, 1, 2, 4]",Anomalous clients [3] detected; excluding them and applying Byzantine-robust Krum.,3
365,exp2_mRuleBased_a1.0_s3,5,1.0,RuleBased,84.73,0.4156,0.9087,0.9354,1,"[0, 1, 2, 4]",Krum,"[0, 1, 2, 4]",Anomalous clients [3] detected; excluding them and applying Byzantine-robust Krum.,3
366,exp2_mRuleBased_a1.0_s3,6,1.0,RuleBased,86.85,0.4249,0.9225,0.9381,1,"[0, 1, 2, 4]",Krum,"[0, 1, 2, 4]",Anomalous clients [3] detected; excluding them and applying Byzantine-robust Krum.,3
367,exp2_mRuleBased_a1.0_s3,7,1.0,RuleBased,88.16,0.3515,0.9309,0.9343,1,"[0, 1, 2, 4]",Krum,"[0, 1, 2, 4]",Anomalous clients [3] detected; excluding them and applying Byzantine-robust Krum.,3
368,exp2_mRuleBased_a1.0_s3,8,1.0,RuleBased,83.04,0.6591,0.8974,0.9315,1,"[0, 1, 2, 4]",Krum,"[0, 1, 2, 4]",Anomalous clients [3] detected; excluding them and applying Byzantine-robust Krum.,3
369,exp2_mRuleBased_a1.0_s4,1,1.0,RuleBased,82.31,0.4326,0.8934,0.8924,1,"[0, 1, 2, 4]",Krum,"[0, 1, 2, 4]",Anomalous clients [3] detected; excluding them and applying Byzantine-robust Krum.,4
370,exp2_mRuleBased_a1.0_s4,2,1.0,RuleBased,87.1,0.3155,0.9245,0.9209,1,"[0, 1, 2, 4]",Krum,"[0, 1, 2, 4]",Anomalous clients [3] detected; excluding them and applying Byzantine-robust Krum.,4
371,exp2_mRuleBased_a1.0_s4,3,1.0,RuleBased,76.83,0.4908,0.854,0.924,1,"[0, 1, 2, 4]",Krum,"[0, 1, 2, 4]",Anomalous clients [3] detected; excluding them and applying Byzantine-robust Krum.,4
372,exp2_mRuleBased_a1.0_s4,4,1.0,RuleBased,88.48,0.2748,0.9332,0.9261,1,"[0, 1, 2, 4]",Krum,"[0, 1, 2, 4]",Anomalous clients [3] detected; excluding them and applying Byzantine-robust Krum.,4
373,exp2_mRuleBased_a1.0_s4,5,1.0,RuleBased,87.38,0.3534,0.9261,0.924,1,"[0, 1, 2, 4]",Krum,"[0, 1, 2, 4]",Anomalous clients [3] detected; excluding them and applying Byzantine-robust Krum.,4
374,exp2_mRuleBased_a1.0_s4,6,1.0,RuleBased,86.54,0.4108,0.9208,0.9222,1,"[0, 1, 2, 4]",Krum,"[0, 1, 2, 4]",Anomalous clients [3] detected; excluding them and applying Byzantine-robust Krum.,4
375,exp2_mRuleBased_a1.0_s4,7,1.0,RuleBased,86.53,0.4162,0.9208,0.9151,1,"[0, 1, 2, 4]",Krum,"[0, 1, 2, 4]",Anomalous clients [3] detected; excluding them and applying Byzantine-robust Krum.,4
376,exp2_mRuleBased_a1.0_s4,8,1.0,RuleBased,92.03,0.3252,0.9552,0.9242,1,"[0, 1, 2, 4]",Krum,"[0, 1, 2, 4]",Anomalous clients [3] detected; excluding them and applying Byzantine-robust Krum.,4
377,exp2_mRuleBased_a1.0_s5,1,1.0,RuleBased,84.11,0.3956,0.9053,0.913,1,"[0, 1, 3, 4]",Krum,"[0, 1, 3, 4]",Anomalous clients [2] detected; excluding them and applying Byzantine-robust Krum.,5
378,exp2_mRuleBased_a1.0_s5,2,1.0,RuleBased,87.64,0.2945,0.9276,0.9345,1,"[0, 1, 3, 4]",Krum,"[0, 1, 3, 4]",Anomalous clients [2] detected; excluding them and applying Byzantine-robust Krum.,5
379,exp2_mRuleBased_a1.0_s5,3,1.0,RuleBased,89.73,0.2534,0.9406,0.9404,1,"[0, 1, 3, 4]",Krum,"[0, 1, 3, 4]",Anomalous clients [2] detected; excluding them and applying Byzantine-robust Krum.,5
380,exp2_mRuleBased_a1.0_s5,4,1.0,RuleBased,91.38,0.2272,0.9507,0.9428,1,"[0, 1, 3, 4]",Krum,"[0, 1, 3, 4]",Anomalous clients [2] detected; excluding them and applying Byzantine-robust Krum.,5
381,exp2_mRuleBased_a1.0_s5,5,1.0,RuleBased,89.15,0.276,0.9371,0.938,1,"[0, 1, 3, 4]",Krum,"[0, 1, 3, 4]",Anomalous clients [2] detected; excluding them and applying Byzantine-robust Krum.,5
382,exp2_mRuleBased_a1.0_s5,6,1.0,RuleBased,89.89,0.3164,0.9418,0.9387,1,"[0, 1, 3, 4]",Krum,"[0, 1, 3, 4]",Anomalous clients [2] detected; excluding them and applying Byzantine-robust Krum.,5
383,exp2_mRuleBased_a1.0_s5,7,1.0,RuleBased,92.45,0.2692,0.9573,0.9445,1,"[0, 1, 3, 4]",Krum,"[0, 1, 3, 4]",Anomalous clients [2] detected; excluding them and applying Byzantine-robust Krum.,5
384,exp2_mRuleBased_a1.0_s5,8,1.0,RuleBased,92.62,0.2601,0.9583,0.9447,1,"[0, 1, 3, 4]",Krum,"[0, 1, 3, 4]",Anomalous clients [2] detected; excluding them and applying Byzantine-robust Krum.,5
229,exp2_mTrimmedMean_a0.3_s1,1,0.3,Trimmed Mean,90.0,0.3457,0.9474,0.7882,2,"[1, 3, 4]",Trimmed Mean,"[1, 3, 4]",Fixed baseline,1
230,exp2_mTrimmedMean_a0.3_s1,2,0.3,Trimmed Mean,80.62,0.4919,0.8826,0.8599,3,"[3, 4]",Trimmed Mean,"[3, 4]",Fixed baseline,1
231,exp2_mTrimmedMean_a0.3_s1,3,0.3,Trimmed Mean,91.15,0.2635,0.9529,0.8445,2,"[1, 3, 4]",Trimmed Mean,"[1, 3, 4]",Fixed baseline,1
232,exp2_mTrimmedMean_a0.3_s1,4,0.3,Trimmed Mean,86.51,0.416,0.9217,0.8859,3,"[3, 4]",Trimmed Mean,"[3, 4]",Fixed baseline,1
233,exp2_mTrimmedMean_a0.3_s1,5,0.3,Trimmed Mean,91.27,0.2516,0.9535,0.8575,2,"[1, 3, 4]",Trimmed Mean,"[1, 3, 4]",Fixed baseline,1
234,exp2_mTrimmedMean_a0.3_s1,6,0.3,Trimmed Mean,77.13,0.5375,0.857,0.895,3,"[3, 4]",Trimmed Mean,"[3, 4]",Fixed baseline,1
235,exp2_mTrimmedMean_a0.3_s1,7,0.3,Trimmed Mean,91.71,0.2375,0.9558,0.8837,2,"[1, 3, 4]",Trimmed Mean,"[1, 3, 4]",Fixed baseline,1
236,exp2_mTrimmedMean_a0.3_s1,8,0.3,Trimmed Mean,85.57,0.3517,0.9148,0.9122,3,"[3, 4]",Trimmed Mean,"[3, 4]",Fixed baseline,1
237,exp2_mTrimmedMean_a0.3_s2,1,0.3,Trimmed Mean,66.18,0.6528,0.7709,0.898,1,"[0, 1, 2, 4]",Trimmed Mean,"[0, 1, 2, 4]",Fixed baseline,2
238,exp2_mTrimmedMean_a0.3_s2,2,0.3,Trimmed Mean,88.98,0.5,0.9369,0.9172,1,"[0, 1, 2, 4]",Trimmed Mean,"[0, 1, 2, 4]",Fixed baseline,2
239,exp2_mTrimmedMean_a0.3_s2,3,0.3,Trimmed Mean,88.97,0.413,0.9362,0.9309,1,"[0, 1, 2, 4]",Trimmed Mean,"[0, 1, 2, 4]",Fixed baseline,2
240,exp2_mTrimmedMean_a0.3_s2,4,0.3,Trimmed Mean,88.98,0.4304,0.9364,0.9254,1,"[0, 1, 2, 4]",Trimmed Mean,"[0, 1, 2, 4]",Fixed baseline,2
241,exp2_mTrimmedMean_a0.3_s2,5,0.3,Trimmed Mean,89.68,0.3858,0.9406,0.9349,1,"[0, 1, 2, 4]",Trimmed Mean,"[0, 1, 2, 4]",Fixed baseline,2
242,exp2_mTrimmedMean_a0.3_s2,6,0.3,Trimmed Mean,88.46,0.4207,0.9332,0.9229,1,"[0, 1, 2, 4]",Trimmed Mean,"[0, 1, 2, 4]",Fixed baseline,2
243,exp2_mTrimmedMean_a0.3_s2,7,0.3,Trimmed Mean,89.27,0.3566,0.9381,0.9353,1,"[0, 1, 2, 4]",Trimmed Mean,"[0, 1, 2, 4]",Fixed baseline,2
244,exp2_mTrimmedMean_a0.3_s2,8,0.3,Trimmed Mean,91.71,0.3152,0.9533,0.928,1,"[0, 1, 2, 4]",Trimmed Mean,"[0, 1, 2, 4]",Fixed baseline,2
245,exp2_mTrimmedMean_a0.3_s3,1,0.3,Trimmed Mean,10.0,0.8685,0.0,0.8439,1,"[0, 1, 2, 4]",Trimmed Mean,"[0, 1, 2, 4]",Fixed baseline,3
246,exp2_mTrimmedMean_a0.3_s3,2,0.3,Trimmed Mean,90.8,0.3922,0.9513,0.8822,1,"[0, 1, 3, 4]",Trimmed Mean,"[0, 1, 3, 4]",Fixed baseline,3
247,exp2_mTrimmedMean_a0.3_s3,3,0.3,Trimmed Mean,87.5,0.4256,0.9279,0.8966,2,"[0, 1, 4]",Trimmed Mean,"[0, 1, 4]",Fixed baseline,3
248,exp2_mTrimmedMean_a0.3_s3,4,0.3,Trimmed Mean,91.13,0.3467,0.9525,0.849,1,"[0, 1, 3, 4]",Trimmed Mean,"[0, 1, 3, 4]",Fixed baseline,3
249,exp2_mTrimmedMean_a0.3_s3,5,0.3,Trimmed Mean,91.72,0.2817,0.9551,0.8992,1,"[0, 1, 3, 4]",Trimmed Mean,"[0, 1, 3, 4]",Fixed baseline,3
250,exp2_mTrimmedMean_a0.3_s3,6,0.3,Trimmed Mean,91.58,0.2912,0.9533,0.9089,1,"[0, 1, 3, 4]",Trimmed Mean,"[0, 1, 3, 4]",Fixed baseline,3
251,exp2_mTrimmedMean_a0.3_s3,7,0.3,Trimmed Mean,91.56,0.2372,0.9549,0.9059,1,"[0, 1, 3, 4]",Trimmed Mean,"[0, 1, 3, 4]",Fixed baseline,3
252,exp2_mTrimmedMean_a0.3_s3,8,0.3,Trimmed Mean,91.98,0.2702,0.9563,0.8934,1,"[0, 1, 3, 4]",Trimmed Mean,"[0, 1, 3, 4]",Fixed baseline,3
253,exp2_mTrimmedMean_a0.3_s4,1,0.3,Trimmed Mean,90.01,0.5979,0.9474,0.8744,0,"[0, 1, 2, 3, 4]",Trimmed Mean,"[0, 1, 2, 3, 4]",Fixed baseline,4
254,exp2_mTrimmedMean_a0.3_s4,2,0.3,Trimmed Mean,89.96,0.5656,0.9428,0.9141,0,"[0, 1, 2, 3, 4]",Trimmed Mean,"[0, 1, 2, 3, 4]",Fixed baseline,4
255,exp2_mTrimmedMean_a0.3_s4,3,0.3,Trimmed Mean,90.33,0.4108,0.9448,0.9265,0,"[0, 1, 2, 3, 4]",Trimmed Mean,"[0, 1, 2, 3, 4]",Fixed baseline,4
256,exp2_mTrimmedMean_a0.3_s4,4,0.3,Trimmed Mean,89.15,0.3979,0.9373,0.935,0,"[0, 1, 2, 3, 4]",Trimmed Mean,"[0, 1, 2, 3, 4]",Fixed baseline,4
257,exp2_mTrimmedMean_a0.3_s4,5,0.3,Trimmed Mean,91.3,0.3447,0.9506,0.9379,0,"[0, 1, 2, 3, 4]",Trimmed Mean,"[0, 1, 2, 3, 4]",Fixed baseline,4
258,exp2_mTrimmedMean_a0.3_s4,6,0.3,Trimmed Mean,90.52,0.3424,0.9456,0.941,0,"[0, 1, 2, 3, 4]",Trimmed Mean,"[0, 1, 2, 3, 4]",Fixed baseline,4
259,exp2_mTrimmedMean_a0.3_s4,7,0.3,Trimmed Mean,91.17,0.3308,0.9496,0.9441,0,"[0, 1, 2, 3, 4]",Trimmed Mean,"[0, 1, 2, 3, 4]",Fixed baseline,4
260,exp2_mTrimmedMean_a0.3_s4,8,0.3,Trimmed Mean,90.31,0.3429,0.9442,0.942,0,"[0, 1, 2, 3, 4]",Trimmed Mean,"[0, 1, 2, 3, 4]",Fixed baseline,4
261,exp2_mTrimmedMean_a0.3_s5,1,0.3,Trimmed Mean,91.2,0.5168,0.9521,0.8819,1,"[0, 1, 2, 3]",Trimmed Mean,"[0, 1, 2, 3]",Fixed baseline,5
262,exp2_mTrimmedMean_a0.3_s5,2,0.3,Trimmed Mean,90.71,0.4258,0.948,0.9015,2,"[0, 1, 2]",Trimmed Mean,"[0, 1, 2]",Fixed baseline,5
263,exp2_mTrimmedMean_a0.3_s5,3,0.3,Trimmed Mean,91.41,0.4685,0.9529,0.8707,1,"[0, 1, 2, 3]",Trimmed Mean,"[0, 1, 2, 3]",Fixed baseline,5
264,exp2_mTrimmedMean_a0.3_s5,4,0.3,Trimmed Mean,91.79,0.4251,0.9546,0.8859,1,"[0, 1, 2, 3]",Trimmed Mean,"[0, 1, 2, 3]",Fixed baseline,5
265,exp2_mTrimmedMean_a0.3_s5,5,0.3,Trimmed Mean,92.11,0.3754,0.9568,0.8833,1,"[0, 1, 2, 3]",Trimmed Mean,"[0, 1, 2, 3]",Fixed baseline,5
266,exp2_mTrimmedMean_a0.3_s5,6,0.3,Trimmed Mean,83.41,0.4537,0.9048,0.8033,2,"[0, 1, 2]",Trimmed Mean,"[0, 1, 2]",Fixed baseline,5
267,exp2_mTrimmedMean_a0.3_s5,7,0.3,Trimmed Mean,89.21,0.3845,0.9388,0.8953,1,"[0, 1, 2, 3]",Trimmed Mean,"[0, 1, 2, 3]",Fixed baseline,5
268,exp2_mTrimmedMean_a0.3_s5,8,0.3,Trimmed Mean,91.85,0.3428,0.955,0.9018,1,"[0, 1, 2, 3]",Trimmed Mean,"[0, 1, 2, 3]",Fixed baseline,5
269,exp2_mTrimmedMean_a1.0_s1,1,1.0,Trimmed Mean,91.85,0.4438,0.9557,0.896,1,"[0, 1, 3, 4]",Trimmed Mean,"[0, 1, 3, 4]",Fixed baseline,1
270,exp2_mTrimmedMean_a1.0_s1,2,1.0,Trimmed Mean,85.6,0.3369,0.9146,0.9252,2,"[0, 1, 4]",Trimmed Mean,"[0, 1, 4]",Fixed baseline,1
271,exp2_mTrimmedMean_a1.0_s1,3,1.0,Trimmed Mean,87.63,0.2871,0.9275,0.9355,2,"[0, 1, 4]",Trimmed Mean,"[0, 1, 4]",Fixed baseline,1
272,exp2_mTrimmedMean_a1.0_s1,4,1.0,Trimmed Mean,86.76,0.3231,0.9218,0.9401,2,"[0, 1, 4]",Trimmed Mean,"[0, 1, 4]",Fixed baseline,1
273,exp2_mTrimmedMean_a1.0_s1,5,1.0,Trimmed Mean,90.6,0.24,0.946,0.9428,2,"[0, 1, 4]",Trimmed Mean,"[0, 1, 4]",Fixed baseline,1
274,exp2_mTrimmedMean_a1.0_s1,6,1.0,Trimmed Mean,89.19,0.2744,0.9371,0.9459,2,"[0, 1, 4]",Trimmed Mean,"[0, 1, 4]",Fixed baseline,1
275,exp2_mTrimmedMean_a1.0_s1,7,1.0,Trimmed Mean,91.06,0.2347,0.9487,0.9469,2,"[0, 1, 4]",Trimmed Mean,"[0, 1, 4]",Fixed baseline,1
276,exp2_mTrimmedMean_a1.0_s1,8,1.0,Trimmed Mean,57.42,5.1679,0.691,0.9237,0,"[0, 1, 2, 3, 4]",Trimmed Mean,"[0, 1, 2, 3, 4]",Fixed baseline,1
277,exp2_mTrimmedMean_a1.0_s2,1,1.0,Trimmed Mean,43.22,0.698,0.5404,0.8958,0,"[0, 1, 2, 3, 4]",Trimmed Mean,"[0, 1, 2, 3, 4]",Fixed baseline,2
278,exp2_mTrimmedMean_a1.0_s2,2,1.0,Trimmed Mean,86.56,0.4959,0.9213,0.9121,0,"[0, 1, 2, 3, 4]",Trimmed Mean,"[0, 1, 2, 3, 4]",Fixed baseline,2
279,exp2_mTrimmedMean_a1.0_s2,3,1.0,Trimmed Mean,90.46,0.4163,0.9457,0.9266,0,"[0, 1, 2, 3, 4]",Trimmed Mean,"[0, 1, 2, 3, 4]",Fixed baseline,2
280,exp2_mTrimmedMean_a1.0_s2,4,1.0,Trimmed Mean,91.4,0.3869,0.9513,0.9311,0,"[0, 1, 2, 3, 4]",Trimmed Mean,"[0, 1, 2, 3, 4]",Fixed baseline,2
281,exp2_mTrimmedMean_a1.0_s2,5,1.0,Trimmed Mean,93.31,0.343,0.9628,0.9362,0,"[0, 1, 2, 3, 4]",Trimmed Mean,"[0, 1, 2, 3, 4]",Fixed baseline,2
282,exp2_mTrimmedMean_a1.0_s2,6,1.0,Trimmed Mean,93.11,0.3327,0.9615,0.9397,0,"[0, 1, 2, 3, 4]",Trimmed Mean,"[0, 1, 2, 3, 4]",Fixed baseline,2
283,exp2_mTrimmedMean_a1.0_s2,7,1.0,Trimmed Mean,87.39,0.377,0.9266,0.9208,1,"[0, 1, 2, 4]",Trimmed Mean,"[0, 1, 2, 4]",Fixed baseline,2
284,exp2_mTrimmedMean_a1.0_s2,8,1.0,Trimmed Mean,93.96,0.3022,0.9668,0.9334,0,"[0, 1, 2, 3, 4]",Trimmed Mean,"[0, 1, 2, 3, 4]",Fixed baseline,2
285,exp2_mTrimmedMean_a1.0_s3,1,1.0,Trimmed Mean,76.43,0.5664,0.8518,0.8974,1,"[0, 1, 2, 4]",Trimmed Mean,"[0, 1, 2, 4]",Fixed baseline,3
286,exp2_mTrimmedMean_a1.0_s3,2,1.0,Trimmed Mean,65.43,0.6236,0.7645,0.9004,1,"[0, 1, 2, 4]",Trimmed Mean,"[0, 1, 2, 4]",Fixed baseline,3
287,exp2_mTrimmedMean_a1.0_s3,3,1.0,Trimmed Mean,88.19,0.379,0.9315,0.9229,1,"[0, 1, 2, 4]",Trimmed Mean,"[0, 1, 2, 4]",Fixed baseline,3
288,exp2_mTrimmedMean_a1.0_s3,4,1.0,Trimmed Mean,86.6,0.4589,0.9214,0.922,1,"[0, 1, 2, 4]",Trimmed Mean,"[0, 1, 2, 4]",Fixed baseline,3
289,exp2_mTrimmedMean_a1.0_s3,5,1.0,Trimmed Mean,81.37,0.469,0.8866,0.9183,1,"[0, 1, 2, 4]",Trimmed Mean,"[0, 1, 2, 4]",Fixed baseline,3
290,exp2_mTrimmedMean_a1.0_s3,6,1.0,Trimmed Mean,85.1,0.4179,0.9117,0.9174,1,"[0, 1, 2, 4]",Trimmed Mean,"[0, 1, 2, 4]",Fixed baseline,3
291,exp2_mTrimmedMean_a1.0_s3,7,1.0,Trimmed Mean,87.8,0.3606,0.929,0.9217,1,"[0, 1, 2, 4]",Trimmed Mean,"[0, 1, 2, 4]",Fixed baseline,3
292,exp2_mTrimmedMean_a1.0_s3,8,1.0,Trimmed Mean,82.46,0.4497,0.8944,0.9058,1,"[0, 1, 2, 4]",Trimmed Mean,"[0, 1, 2, 4]",Fixed baseline,3
293,exp2_mTrimmedMean_a1.0_s4,1,1.0,Trimmed Mean,87.7,0.5547,0.929,0.8888,1,"[0, 1, 2, 4]",Trimmed Mean,"[0, 1, 2, 4]",Fixed baseline,4
294,exp2_mTrimmedMean_a1.0_s4,2,1.0,Trimmed Mean,91.0,0.3777,0.949,0.9261,1,"[0, 1, 2, 4]",Trimmed Mean,"[0, 1, 2, 4]",Fixed baseline,4
295,exp2_mTrimmedMean_a1.0_s4,3,1.0,Trimmed Mean,87.33,0.4718,0.9259,0.9251,1,"[0, 1, 2, 4]",Trimmed Mean,"[0, 1, 2, 4]",Fixed baseline,4
296,exp2_mTrimmedMean_a1.0_s4,4,1.0,Trimmed Mean,90.39,0.3915,0.9449,0.9325,1,"[0, 1, 2, 4]",Trimmed Mean,"[0, 1, 2, 4]",Fixed baseline,4
297,exp2_mTrimmedMean_a1.0_s4,5,1.0,Trimmed Mean,92.65,0.3228,0.9588,0.9306,1,"[0, 1, 2, 4]",Trimmed Mean,"[0, 1, 2, 4]",Fixed baseline,4
298,exp2_mTrimmedMean_a1.0_s4,6,1.0,Trimmed Mean,91.07,0.3467,0.9495,0.922,1,"[0, 1, 2, 4]",Trimmed Mean,"[0, 1, 2, 4]",Fixed baseline,4
299,exp2_mTrimmedMean_a1.0_s4,7,1.0,Trimmed Mean,86.25,0.4311,0.9196,0.8983,1,"[0, 1, 2, 4]",Trimmed Mean,"[0, 1, 2, 4]",Fixed baseline,4
300,exp2_mTrimmedMean_a1.0_s4,8,1.0,Trimmed Mean,90.37,0.2998,0.9449,0.9289,1,"[0, 1, 2, 4]",Trimmed Mean,"[0, 1, 2, 4]",Fixed baseline,4
301,exp2_mTrimmedMean_a1.0_s5,1,1.0,Trimmed Mean,76.8,0.5852,0.8543,0.8991,1,"[0, 1, 3, 4]",Trimmed Mean,"[0, 1, 3, 4]",Fixed baseline,5
302,exp2_mTrimmedMean_a1.0_s5,2,1.0,Trimmed Mean,73.82,0.5534,0.8313,0.9223,1,"[0, 1, 3, 4]",Trimmed Mean,"[0, 1, 3, 4]",Fixed baseline,5
303,exp2_mTrimmedMean_a1.0_s5,3,1.0,Trimmed Mean,80.45,0.4763,0.8796,0.9307,1,"[0, 1, 3, 4]",Trimmed Mean,"[0, 1, 3, 4]",Fixed baseline,5
304,exp2_mTrimmedMean_a1.0_s5,4,1.0,Trimmed Mean,81.44,0.4649,0.8867,0.9259,1,"[0, 1, 3, 4]",Trimmed Mean,"[0, 1, 3, 4]",Fixed baseline,5
305,exp2_mTrimmedMean_a1.0_s5,5,1.0,Trimmed Mean,79.81,0.4703,0.8754,0.9265,1,"[0, 1, 3, 4]",Trimmed Mean,"[0, 1, 3, 4]",Fixed baseline,5
306,exp2_mTrimmedMean_a1.0_s5,6,1.0,Trimmed Mean,78.63,0.4604,0.8672,0.9108,1,"[0, 1, 3, 4]",Trimmed Mean,"[0, 1, 3, 4]",Fixed baseline,5
307,exp2_mTrimmedMean_a1.0_s5,7,1.0,Trimmed Mean,79.71,0.448,0.8746,0.9241,1,"[0, 1, 3, 4]",Trimmed Mean,"[0, 1, 3, 4]",Fixed baseline,5
308,exp2_mTrimmedMean_a1.0_s5,8,1.0,Trimmed Mean,82.67,0.4273,0.8952,0.9181,1,"[0, 1, 3, 4]",Trimmed Mean,"[0, 1, 3, 4]",Fixed baseline,5
