id,run_id,round,alpha,attack_active,attacker_ids,selected_clients,aggregation_method,train_loss,val_accuracy,val_loss,val_f1,val_auc,test_accuracy,test_loss,test_f1,test_auc,oracle_accuracy,oracle_candidate_id,regret,cumulative_regret,round_time_s
3,exp3_FixedFedAvg_s1,1,100.0,0,[],"[0, 1, 2, 3, 4, 5, 6, 7, 8, 9]",FedAvg,,,,,,85.5,,0.9152,,88.52,C0,3.54,3.54,49.28
4,exp3_FixedFedAvg_s1,2,100.0,0,[],"[0, 1, 2, 3, 4, 5, 6, 7, 8, 9]",FedAvg,,,,,,84.6,,0.9084,,90.14,C0,6.08,9.62,49.66
5,exp3_FixedFedAvg_s1,3,100.0,0,[],"[0, 1, 2, 3, 4, 5, 6, 7, 8, 9]",FedAvg,,,,,,85.6,,0.9146,,90.66,C0,4.9,14.52,48.53
6,exp3_FixedFedAvg_s1,4,100.0,0,[],"[0, 1, 2, 3, 4, 5, 6, 7, 8, 9]",FedAvg,,,,,,87.41,,0.926,,92.14,C0,4.96,19.48,45.92
7,exp3_FixedFedAvg_s1,5,100.0,0,[],"[0, 1, 2, 3, 4, 5, 6, 7, 8, 9]",FedAvg,,,,,,87.93,,0.9293,,92.66,C0,4.9,24.38,49.91
8,exp3_FixedFedAvg_s1,6,1.0,0,[],"[0, 1, 2, 3, 4, 5, 6, 7, 8, 9]",FedAvg,,,,,,90.04,,0.943,,93.18,C0,3.38,27.76,45.92
9,exp3_FixedFedAvg_s1,7,1.0,0,[],"[0, 1, 2, 3, 4, 5, 6, 7, 8, 9]",FedAvg,,,,,,90.15,,0.9434,,93.42,C0,3.24,31.0,46.9
10,exp3_FixedFedAvg_s1,8,1.0,0,[],"[0, 1, 2, 3, 4, 5, 6, 7, 8, 9]",FedAvg,,,,,,92.01,,0.9547,,93.92,C0,2.28,33.28,46.62
11,exp3_FixedFedAvg_s1,9,1.0,0,[],"[0, 1, 2, 3, 4, 5, 6, 7, 8, 9]",FedAvg,,,,,,91.53,,0.9518,,93.94,C0,2.38,35.66,46.22
12,exp3_FixedFedAvg_s1,10,1.0,0,[],"[0, 1, 2, 3, 4, 5, 6, 7, 8, 9]",FedAvg,,,,,,90.87,,0.9477,,93.92,C0,3.46,39.12,46.06
13,exp3_FixedFedAvg_s1,11,0.2,0,[],"[0, 1, 2, 3, 4, 5, 6, 7, 8, 9]",FedAvg,,,,,,94.12,,0.9677,,94.44,C0,0.0,39.12,49.4
14,exp3_FixedFedAvg_s1,12,0.2,0,[],"[0, 1, 2, 3, 4, 5, 6, 7, 8, 9]",FedAvg,,,,,,93.95,,0.9667,,94.2,C0,0.0,39.12,48.92
15,exp3_FixedFedAvg_s1,13,0.2,0,[],"[0, 1, 2, 3, 4, 5, 6, 7, 8, 9]",FedAvg,,,,,,94.0,,0.9668,,94.34,C0,0.0,39.12,49.66
16,exp3_FixedFedAvg_s1,14,0.2,0,[],"[0, 1, 2, 3, 4, 5, 6, 7, 8, 9]",FedAvg,,,,,,94.01,,0.967,,94.34,C0,0.0,39.12,49.65
17,exp3_FixedFedAvg_s1,15,0.2,0,[],"[0, 1, 2, 3, 4, 5, 6, 7, 8, 9]",FedAvg,,,,,,94.12,,0.9674,,94.22,C0,0.0,39.12,49.27
18,exp3_FixedFedAvg_s1,16,0.2,1,[],"[0, 1, 2, 3, 4, 5, 6, 7, 8, 9]",FedAvg,,,,,,93.37,,0.9629,,94.06,C0,0.44,39.56,48.44
19,exp3_FixedFedAvg_s1,17,0.2,1,[],"[0, 1, 2, 3, 4, 5, 6, 7, 8, 9]",FedAvg,,,,,,91.16,,0.9495,,93.96,C0,2.16,41.72,49.47
20,exp3_FixedFedAvg_s1,18,0.2,1,[],"[0, 1, 2, 3, 4, 5, 6, 7, 8, 9]",FedAvg,,,,,,87.47,,0.9264,,94.02,C0,6.06,47.78,49.1
21,exp3_FixedFedAvg_s1,19,0.2,1,[],"[0, 1, 2, 3, 4, 5, 6, 7, 8, 9]",FedAvg,,,,,,80.52,,0.8799,,94.12,C0,13.86,61.64,49.42
22,exp3_FixedFedAvg_s1,20,0.2,1,[],"[0, 1, 2, 3, 4, 5, 6, 7, 8, 9]",FedAvg,,,,,,77.51,,0.8586,,93.9,C0,16.24,77.88,49.07
23,exp3_FixedFedAvg_s2,1,100.0,0,[],"[0, 1, 2, 3, 4, 5, 6, 7, 8, 9]",FedAvg,,,,,,80.23,,0.8793,,86.98,C0,7.14,7.14,47.47
24,exp3_FixedFedAvg_s2,2,100.0,0,[],"[0, 1, 2, 3, 4, 5, 6, 7, 8, 9]",FedAvg,,,,,,84.87,,0.9102,,90.3,C0,5.6,12.74,51.12
25,exp3_FixedFedAvg_s2,3,100.0,0,[],"[0, 1, 2, 3, 4, 5, 6, 7, 8, 9]",FedAvg,,,,,,84.64,,0.9083,,90.46,C0,5.84,18.58,49.84
26,exp3_FixedFedAvg_s2,4,100.0,0,[],"[0, 1, 2, 3, 4, 5, 6, 7, 8, 9]",FedAvg,,,,,,85.73,,0.9154,,91.18,C0,5.06,23.64,52.86
27,exp3_FixedFedAvg_s2,5,100.0,0,[],"[0, 1, 2, 3, 4, 5, 6, 7, 8, 9]",FedAvg,,,,,,87.24,,0.925,,92.52,C0,4.88,28.52,50.63
28,exp3_FixedFedAvg_s2,6,1.0,0,[],"[0, 1, 2, 3, 4, 5, 6, 7, 8, 9]",FedAvg,,,,,,90.08,,0.943,,92.62,C0,2.0,30.52,50.78
29,exp3_FixedFedAvg_s2,7,1.0,0,[],"[0, 1, 2, 3, 4, 5, 6, 7, 8, 9]",FedAvg,,,,,,90.89,,0.948,,93.1,C0,2.14,32.66,51.74
30,exp3_FixedFedAvg_s2,8,1.0,0,[],"[0, 1, 2, 3, 4, 5, 6, 7, 8, 9]",FedAvg,,,,,,90.7,,0.9468,,92.94,C0,1.92,34.58,52.69
31,exp3_FixedFedAvg_s2,9,1.0,0,[],"[0, 1, 2, 3, 4, 5, 6, 7, 8, 9]",FedAvg,,,,,,91.72,,0.953,,93.0,C0,1.5,36.08,51.03
32,exp3_FixedFedAvg_s2,10,1.0,0,[],"[0, 1, 2, 3, 4, 5, 6, 7, 8, 9]",FedAvg,,,,,,89.98,,0.9423,,93.08,C0,2.72,38.8,49.24
33,exp3_FixedFedAvg_s2,11,0.2,0,[],"[0, 1, 2, 3, 4, 5, 6, 7, 8, 9]",FedAvg,,,,,,92.99,,0.9609,,93.16,C0,0.0,38.8,50.4
34,exp3_FixedFedAvg_s2,12,0.2,0,[],"[0, 1, 2, 3, 4, 5, 6, 7, 8, 9]",FedAvg,,,,,,93.56,,0.9644,,93.52,C0,0.18,38.98,50.13
35,exp3_FixedFedAvg_s2,13,0.2,0,[],"[0, 1, 2, 3, 4, 5, 6, 7, 8, 9]",FedAvg,,,,,,93.25,,0.9628,,93.44,C0,0.36,39.34,50.16
36,exp3_FixedFedAvg_s2,14,0.2,0,[],"[0, 1, 2, 3, 4, 5, 6, 7, 8, 9]",FedAvg,,,,,,93.21,,0.9624,,93.14,C0,0.38,39.72,50.28
37,exp3_FixedFedAvg_s2,15,0.2,0,[],"[0, 1, 2, 3, 4, 5, 6, 7, 8, 9]",FedAvg,,,,,,92.78,,0.9602,,93.0,C0,0.26,39.98,50.05
38,exp3_FixedFedAvg_s2,16,0.2,1,[],"[0, 1, 2, 3, 4, 5, 6, 7, 8, 9]",FedAvg,,,,,,90.51,,0.9499,,93.26,C0,2.3,42.28,50.16
39,exp3_FixedFedAvg_s2,17,0.2,1,[],"[0, 1, 2, 3, 4, 5, 6, 7, 8, 9]",FedAvg,,,,,,90.0,,0.9474,,91.24,C0,0.7,42.98,48.8
40,exp3_FixedFedAvg_s2,18,0.2,1,[],"[0, 1, 2, 3, 4, 5, 6, 7, 8, 9]",FedAvg,,,,,,90.0,,0.9474,,90.64,C0,0.1,43.08,50.02
41,exp3_FixedFedAvg_s2,19,0.2,1,[],"[0, 1, 2, 3, 4, 5, 6, 7, 8, 9]",FedAvg,,,,,,90.0,,0.9474,,90.58,C0,0.04,43.12,49.45
42,exp3_FixedFedAvg_s2,20,0.2,1,[],"[0, 1, 2, 3, 4, 5, 6, 7, 8, 9]",FedAvg,,,,,,90.0,,0.9474,,90.54,C0,0.0,43.12,51.83
43,exp3_FixedKrum_s1,1,100.0,0,[],"[0, 1, 2, 3, 4, 5, 6, 7, 8, 9]",Krum,,,,,,72.87,,0.8257,,89.02,C3,16.32,16.32,52.88
44,exp3_FixedKrum_s1,2,100.0,0,[],"[0, 1, 2, 3, 4, 5, 6, 7, 8, 9]",Krum,,,,,,82.46,,0.8946,,88.02,C3,6.14,22.46,50.31
45,exp3_FixedKrum_s1,3,100.0,0,[],"[0, 1, 2, 3, 4, 5, 6, 7, 8, 9]",Krum,,,,,,81.92,,0.8905,,91.02,C3,9.84,32.3,47.41
46,exp3_FixedKrum_s1,4,100.0,0,[],"[0, 1, 2, 3, 4, 5, 6, 7, 8, 9]",Krum,,,,,,81.93,,0.8899,,90.9,C3,9.5,41.8,49.88
47,exp3_FixedKrum_s1,5,100.0,0,[],"[0, 1, 2, 3, 4, 5, 6, 7, 8, 9]",Krum,,,,,,78.76,,0.8677,,92.32,C3,13.86,55.66,47.65
48,exp3_FixedKrum_s1,6,1.0,0,[],"[0, 1, 2, 3, 4, 5, 6, 7, 8, 9]",Krum,,,,,,81.98,,0.8902,,93.0,C3,11.9,67.56,48.2
49,exp3_FixedKrum_s1,7,1.0,0,[],"[0, 1, 2, 3, 4, 5, 6, 7, 8, 9]",Krum,,,,,,84.13,,0.9049,,92.74,C3,9.08,76.64,47.19
50,exp3_FixedKrum_s1,8,1.0,0,[],"[0, 1, 2, 3, 4, 5, 6, 7, 8, 9]",Krum,,,,,,80.39,,0.8792,,92.16,C3,12.38,89.02,49.1
51,exp3_FixedKrum_s1,9,1.0,0,[],"[0, 1, 2, 3, 4, 5, 6, 7, 8, 9]",Krum,,,,,,76.32,,0.8503,,92.16,C3,16.26,105.28,49.92
52,exp3_FixedKrum_s1,10,1.0,0,[],"[0, 1, 2, 3, 4, 5, 6, 7, 8, 9]",Krum,,,,,,74.61,,0.8372,,91.28,C3,18.0,123.28,51.2
53,exp3_FixedKrum_s1,11,0.2,0,[],"[0, 1, 2, 3, 4, 5, 6, 7, 8, 9]",Krum,,,,,,66.56,,0.7732,,92.6,C3,27.28,150.56,50.42
54,exp3_FixedKrum_s1,12,0.2,0,[],"[0, 1, 2, 3, 4, 5, 6, 7, 8, 9]",Krum,,,,,,90.0,,0.9474,,92.82,C3,2.28,152.84,53.11
55,exp3_FixedKrum_s1,13,0.2,0,[],"[0, 1, 2, 3, 4, 5, 6, 7, 8, 9]",Krum,,,,,,56.52,,0.6874,,91.46,C3,33.66,186.5,52.49
56,exp3_FixedKrum_s1,14,0.2,0,[],"[0, 1, 2, 3, 4, 5, 6, 7, 8, 9]",Krum,,,,,,90.92,,0.9514,,92.16,C3,0.96,187.46,49.15
57,exp3_FixedKrum_s1,15,0.2,0,[],"[0, 1, 2, 3, 4, 5, 6, 7, 8, 9]",Krum,,,,,,90.95,,0.9508,,91.68,C3,0.84,188.3,50.75
58,exp3_FixedKrum_s1,16,0.2,1,[],"[0, 1, 2, 3, 4, 5, 6, 7, 8, 9]",Krum,,,,,,90.15,,0.9481,,91.62,C3,1.0,189.3,48.54
59,exp3_FixedKrum_s1,17,0.2,1,[],"[0, 1, 2, 3, 4, 5, 6, 7, 8, 9]",Krum,,,,,,81.64,,0.8901,,90.7,C3,8.6,197.9,50.31
60,exp3_FixedKrum_s1,18,0.2,1,[],"[0, 1, 2, 3, 4, 5, 6, 7, 8, 9]",Krum,,,,,,90.55,,0.9496,,91.36,C3,0.3,198.2,49.06
61,exp3_FixedKrum_s1,19,0.2,1,[],"[0, 1, 2, 3, 4, 5, 6, 7, 8, 9]",Krum,,,,,,90.03,,0.9475,,91.58,C3,1.04,199.24,49.97
62,exp3_FixedKrum_s1,20,0.2,1,[],"[0, 1, 2, 3, 4, 5, 6, 7, 8, 9]",Krum,,,,,,90.42,,0.9492,,91.92,C3,0.94,200.18,48.77
63,exp3_FixedMedian_s1,1,100.0,0,[],"[0, 1, 2, 3, 4, 5, 6, 7, 8, 9]",Median,,,,,,89.51,,0.941,,88.6,C1,0.0,0.0,49.42
64,exp3_FixedMedian_s1,2,100.0,0,[],"[0, 1, 2, 3, 4, 5, 6, 7, 8, 9]",Median,,,,,,89.85,,0.9425,,89.62,C1,0.0,0.0,49.06
65,exp3_FixedMedian_s1,3,100.0,0,[],"[0, 1, 2, 3, 4, 5, 6, 7, 8, 9]",Median,,,,,,91.58,,0.9526,,91.38,C1,0.38,0.38,49.29
66,exp3_FixedMedian_s1,4,100.0,0,[],"[0, 1, 2, 3, 4, 5, 6, 7, 8, 9]",Median,,,,,,92.21,,0.9563,,91.78,C1,0.0,0.38,48.96
67,exp3_FixedMedian_s1,5,100.0,0,[],"[0, 1, 2, 3, 4, 5, 6, 7, 8, 9]",Median,,,,,,92.21,,0.9561,,91.58,C1,0.0,0.38,50.15
68,exp3_FixedMedian_s1,6,1.0,0,[],"[0, 1, 2, 3, 4, 5, 6, 7, 8, 9]",Median,,,,,,92.81,,0.9599,,92.6,C1,0.0,0.38,49.0
69,exp3_FixedMedian_s1,7,1.0,0,[],"[0, 1, 2, 3, 4, 5, 6, 7, 8, 9]",Median,,,,,,92.46,,0.9577,,92.24,C1,0.0,0.38,46.65
70,exp3_FixedMedian_s1,8,1.0,0,[],"[0, 1, 2, 3, 4, 5, 6, 7, 8, 9]",Median,,,,,,93.01,,0.9609,,92.7,C1,0.0,0.38,46.02
71,exp3_FixedMedian_s1,9,1.0,0,[],"[0, 1, 2, 3, 4, 5, 6, 7, 8, 9]",Median,,,,,,92.59,,0.9583,,92.4,C1,0.0,0.38,46.13
72,exp3_FixedMedian_s1,10,1.0,0,[],"[0, 1, 2, 3, 4, 5, 6, 7, 8, 9]",Median,,,,,,93.22,,0.9622,,92.9,C1,0.0,0.38,49.47
73,exp3_FixedMedian_s1,11,0.2,0,[],"[0, 1, 2, 3, 4, 5, 6, 7, 8, 9]",Median,,,,,,93.56,,0.9651,,93.84,C1,0.22,0.6,48.99
74,exp3_FixedMedian_s1,12,0.2,0,[],"[0, 1, 2, 3, 4, 5, 6, 7, 8, 9]",Median,,,,,,93.6,,0.9653,,93.82,C1,0.2,0.8,49.16
75,exp3_FixedMedian_s1,13,0.2,0,[],"[0, 1, 2, 3, 4, 5, 6, 7, 8, 9]",Median,,,,,,93.64,,0.9652,,93.84,C1,0.14,0.94,49.17
76,exp3_FixedMedian_s1,14,0.2,0,[],"[0, 1, 2, 3, 4, 5, 6, 7, 8, 9]",Median,,,,,,93.61,,0.9652,,93.64,C1,0.0,0.94,49.22
77,exp3_FixedMedian_s1,15,0.2,0,[],"[0, 1, 2, 3, 4, 5, 6, 7, 8, 9]",Median,,,,,,93.51,,0.9647,,93.74,C1,0.02,0.96,48.52
78,exp3_FixedMedian_s1,16,0.2,1,[],"[0, 1, 2, 3, 4, 5, 6, 7, 8, 9]",Median,,,,,,93.87,,0.9664,,93.78,C1,0.02,0.98,48.83
79,exp3_FixedMedian_s1,17,0.2,1,[],"[0, 1, 2, 3, 4, 5, 6, 7, 8, 9]",Median,,,,,,93.62,,0.9651,,93.74,C1,0.08,1.06,47.91
80,exp3_FixedMedian_s1,18,0.2,1,[],"[0, 1, 2, 3, 4, 5, 6, 7, 8, 9]",Median,,,,,,93.31,,0.9634,,93.6,C1,0.0,1.06,49.73
81,exp3_FixedMedian_s1,19,0.2,1,[],"[0, 1, 2, 3, 4, 5, 6, 7, 8, 9]",Median,,,,,,93.32,,0.9634,,93.52,C1,0.04,1.1,48.72
82,exp3_FixedMedian_s1,20,0.2,1,[],"[0, 1, 2, 3, 4, 5, 6, 7, 8, 9]",Median,,,,,,93.33,,0.9635,,93.56,C1,0.08,1.18,50.17
102,exp3_FixedTrimmedMean_s1,1,100.0,0,[],"[0, 1, 2, 3, 4, 5, 6, 7, 8, 9]",TrimmedMean,,,,,,84.4,,0.908,,88.62,C2,4.56,4.56,49.4
103,exp3_FixedTrimmedMean_s1,2,100.0,0,[],"[0, 1, 2, 3, 4, 5, 6, 7, 8, 9]",TrimmedMean,,,,,,85.2,,0.9124,,89.58,C2,4.82,9.38,50.02
104,exp3_FixedTrimmedMean_s1,3,100.0,0,[],"[0, 1, 2, 3, 4, 5, 6, 7, 8, 9]",TrimmedMean,,,,,,87.51,,0.927,,91.06,C2,3.54,12.92,46.64
105,exp3_FixedTrimmedMean_s1,4,100.0,0,[],"[0, 1, 2, 3, 4, 5, 6, 7, 8, 9]",TrimmedMean,,,,,,87.91,,0.9294,,91.54,C2,4.02,16.94,50.9
106,exp3_FixedTrimmedMean_s1,5,100.0,0,[],"[0, 1, 2, 3, 4, 5, 6, 7, 8, 9]",TrimmedMean,,,,,,89.0,,0.9362,,92.24,C2,3.54,20.48,49.21
107,exp3_FixedTrimmedMean_s1,6,1.0,0,[],"[0, 1, 2, 3, 4, 5, 6, 7, 8, 9]",TrimmedMean,,,,,,90.94,,0.9483,,92.78,C2,2.22,22.7,47.9
108,exp3_FixedTrimmedMean_s1,7,1.0,0,[],"[0, 1, 2, 3, 4, 5, 6, 7, 8, 9]",TrimmedMean,,,,,,90.76,,0.9471,,93.06,C2,2.56,25.26,46.65
109,exp3_FixedTrimmedMean_s1,8,1.0,0,[],"[0, 1, 2, 3, 4, 5, 6, 7, 8, 9]",TrimmedMean,,,,,,92.18,,0.9557,,93.56,C2,1.68,26.94,46.51
110,exp3_FixedTrimmedMean_s1,9,1.0,0,[],"[0, 1, 2, 3, 4, 5, 6, 7, 8, 9]",TrimmedMean,,,,,,91.93,,0.9542,,93.48,C2,1.68,28.62,47.56
111,exp3_FixedTrimmedMean_s1,10,1.0,0,[],"[0, 1, 2, 3, 4, 5, 6, 7, 8, 9]",TrimmedMean,,,,,,92.03,,0.9547,,93.66,C2,2.02,30.64,47.1
112,exp3_FixedTrimmedMean_s1,11,0.2,0,[],"[0, 1, 2, 3, 4, 5, 6, 7, 8, 9]",TrimmedMean,,,,,,93.96,,0.967,,94.1,C2,0.0,30.64,52.34
113,exp3_FixedTrimmedMean_s1,12,0.2,0,[],"[0, 1, 2, 3, 4, 5, 6, 7, 8, 9]",TrimmedMean,,,,,,94.14,,0.9677,,93.96,C2,0.04,30.68,51.11
114,exp3_FixedTrimmedMean_s1,13,0.2,0,[],"[0, 1, 2, 3, 4, 5, 6, 7, 8, 9]",TrimmedMean,,,,,,94.06,,0.9675,,94.1,C2,0.08,30.76,51.81
115,exp3_FixedTrimmedMean_s1,14,0.2,0,[],"[0, 1, 2, 3, 4, 5, 6, 7, 8, 9]",TrimmedMean,,,,,,94.18,,0.9681,,94.04,C2,0.0,30.76,51.25
116,exp3_FixedTrimmedMean_s1,15,0.2,0,[],"[0, 1, 2, 3, 4, 5, 6, 7, 8, 9]",TrimmedMean,,,,,,94.13,,0.9678,,94.2,C2,0.02,30.78,51.5
117,exp3_FixedTrimmedMean_s1,16,0.2,1,[],"[0, 1, 2, 3, 4, 5, 6, 7, 8, 9]",TrimmedMean,,,,,,94.07,,0.9672,,94.0,C2,0.08,30.86,50.25
118,exp3_FixedTrimmedMean_s1,17,0.2,1,[],"[0, 1, 2, 3, 4, 5, 6, 7, 8, 9]",TrimmedMean,,,,,,93.97,,0.9666,,94.1,C2,0.16,31.02,50.59
119,exp3_FixedTrimmedMean_s1,18,0.2,1,[],"[0, 1, 2, 3, 4, 5, 6, 7, 8, 9]",TrimmedMean,,,,,,93.54,,0.964,,94.0,C2,0.54,31.56,51.38
120,exp3_FixedTrimmedMean_s1,19,0.2,1,[],"[0, 1, 2, 3, 4, 5, 6, 7, 8, 9]",TrimmedMean,,,,,,93.25,,0.9622,,94.1,C2,0.78,32.34,50.24
121,exp3_FixedTrimmedMean_s1,20,0.2,1,[],"[0, 1, 2, 3, 4, 5, 6, 7, 8, 9]",TrimmedMean,,,,,,93.33,,0.9626,,94.04,C2,0.82,33.16,50.87
124,exp3_RuleBased_s1,1,100.0,0,[],"[0, 1, 2, 3, 4, 5, 6, 7, 8, 9]",FedAvg,,,,,,85.2,,0.9132,,88.82,C0,4.04,4.04,50.01
125,exp3_RuleBased_s1,2,100.0,0,[],"[0, 1, 2, 3, 4, 5, 6, 7, 8, 9]",FedAvg,,,,,,83.93,,0.9039,,89.88,C0,6.32,10.36,48.47
126,exp3_RuleBased_s1,3,100.0,0,[],"[0, 1, 2, 3, 6, 7, 8]",TrimmedMean,,,,,,86.63,,0.9213,,90.94,C5,4.42,14.78,51.23
127,exp3_RuleBased_s1,4,100.0,0,[],"[0, 1, 2, 3, 4, 5, 6, 7, 8, 9]",FedAvg,,,,,,87.4,,0.926,,92.18,C0,5.12,19.9,51.81
128,exp3_RuleBased_s1,5,100.0,0,[],"[0, 1, 2, 3, 6, 7, 8]",TrimmedMean,,,,,,88.12,,0.9306,,92.68,C5,5.18,25.08,50.04
129,exp3_RuleBased_s1,6,1.0,0,[],"[0, 1, 2, 3, 4, 5, 6, 8, 9]",TrimmedMean,,,,,,90.68,,0.9466,,93.5,C5,3.16,28.24,47.39
130,exp3_RuleBased_s1,7,1.0,0,[],"[0, 1, 2, 3, 4, 5, 6, 8, 9]",TrimmedMean,,,,,,89.84,,0.9414,,93.06,C5,3.56,31.8,49.1
131,exp3_RuleBased_s1,8,1.0,0,[],"[0, 1, 2, 3, 4, 5, 6, 8, 9]",Krum,,,,,,85.19,,0.9117,,93.7,C7,8.68,40.48,47.25
132,exp3_RuleBased_s1,9,1.0,0,[],"[0, 1, 2, 3, 4, 5, 6, 8, 9]",Krum,,,,,,85.15,,0.9114,,92.98,C7,8.32,48.8,50.7
133,exp3_RuleBased_s1,10,1.0,0,[],"[0, 1, 2, 3, 4, 5, 6, 8, 9]",Krum,,,,,,82.52,,0.8938,,93.52,C7,10.88,59.68,49.48
134,exp3_RuleBased_s1,11,0.2,0,[],"[0, 2, 3, 4, 6, 7, 8]",TrimmedMean,,,,,,91.19,,0.9533,,93.62,C5,1.9,61.58,51.42
135,exp3_RuleBased_s1,12,0.2,0,[],"[2, 4, 6, 7]",TrimmedMean,,,,,,85.99,,0.9171,,93.06,C5,7.1,68.68,49.48
136,exp3_RuleBased_s1,13,0.2,0,[],"[0, 2, 3, 4, 6, 7, 8]",Krum,,,,,,90.11,,0.9479,,93.38,C7,2.72,71.4,50.51
137,exp3_RuleBased_s1,14,0.2,0,[],"[0, 2, 3, 4, 6, 7, 8]",Krum,,,,,,90.0,,0.9474,,93.62,C7,3.08,74.48,49.29
138,exp3_RuleBased_s1,15,0.2,0,[],"[2, 4, 6, 7]",TrimmedMean,,,,,,91.31,,0.9508,,93.26,C5,2.7,77.18,49.36
139,exp3_RuleBased_s1,16,0.2,1,[],"[0, 2, 3, 4, 6, 7, 8]",Krum,,,,,,90.12,,0.948,,93.7,C7,2.96,80.14,47.96
140,exp3_RuleBased_s1,17,0.2,1,[],"[0, 1, 2, 4, 6, 7]",TrimmedMean,,,,,,93.16,,0.9626,,93.72,C5,0.48,80.62,50.15
141,exp3_RuleBased_s1,18,0.2,1,[],"[0, 2, 4, 6, 7]",TrimmedMean,,,,,,89.59,,0.9401,,93.5,C5,4.32,84.94,50.02
142,exp3_RuleBased_s1,19,0.2,1,[],"[0, 2, 3, 4, 6, 7, 8]",Krum,,,,,,90.76,,0.9511,,93.44,C7,1.98,86.92,50.48
143,exp3_RuleBased_s1,20,0.2,1,[],"[0, 2, 4, 6, 7]",TrimmedMean,,,,,,93.24,,0.9628,,93.54,C5,0.3,87.22,50.46
144,exp3_SingleShotLLM_s1,1,100.0,0,[],"[0, 1, 2, 3, 4, 5, 6, 7, 8, 9]",TrimmedMean,,,,,,84.26,,0.907,,88.38,C2,4.44,4.44,50.25
145,exp3_SingleShotLLM_s1,2,100.0,0,[],"[0, 1, 2, 3, 4, 5, 6, 7, 8, 9]",TrimmedMean,,,,,,84.58,,0.9083,,89.48,C2,5.08,9.52,50.63
146,exp3_SingleShotLLM_s1,3,100.0,0,[],"[0, 1, 2, 3, 5, 6, 7, 8]",TrimmedMean,,,,,,87.74,,0.9284,,91.56,C5,3.92,13.44,49.98
147,exp3_SingleShotLLM_s1,4,100.0,0,[],"[0, 1, 2, 3, 4, 5, 6, 7, 8, 9]",TrimmedMean,,,,,,88.64,,0.9339,,91.74,C2,3.66,17.1,51.35
148,exp3_SingleShotLLM_s1,5,100.0,0,[],"[0, 1, 2, 3, 6, 7, 8]",Median,,,,,,88.53,,0.9332,,92.14,C6,4.26,21.36,51.08
149,exp3_SingleShotLLM_s1,6,1.0,0,[],"[0, 1, 2, 3, 4, 5, 6, 7, 8, 9]",Krum,,,,,,81.32,,0.8855,,93.02,C3,12.06,33.42,47.06
150,exp3_SingleShotLLM_s1,7,1.0,0,[],"[0, 1, 2, 3, 4, 5, 6, 8, 9]",Krum,,,,,,81.67,,0.888,,92.52,C7,10.84,44.26,46.37
151,exp3_SingleShotLLM_s1,8,1.0,0,[],"[0, 1, 2, 3, 4, 5, 6, 8, 9]",FedAvg,,,,,,89.51,,0.9395,,93.02,C4,3.34,47.6,47.56
152,exp3_SingleShotLLM_s1,9,1.0,0,[],"[0, 1, 2, 3, 4, 5, 6, 8, 9]",TrimmedMean,,,,,,90.97,,0.9484,,93.16,C5,2.14,49.74,46.71
153,exp3_SingleShotLLM_s1,10,1.0,0,[],"[0, 1, 2, 3, 4, 5, 6, 8, 9]",Krum,,,,,,81.7,,0.888,,93.1,C7,11.84,61.58,46.73
154,exp3_SingleShotLLM_s1,11,0.2,0,[],"[0, 2, 3, 4, 6, 7, 8]",Krum,,,,,,90.03,,0.9475,,93.88,C7,3.26,64.84,50.11
155,exp3_SingleShotLLM_s1,12,0.2,0,[],"[1, 2, 4, 6, 7]",Median,,,,,,90.22,,0.9441,,93.34,C6,3.64,68.48,48.93
156,exp3_SingleShotLLM_s1,13,0.2,0,[],"[0, 2, 3, 4, 6, 7, 8]",TrimmedMean,,,,,,92.07,,0.9576,,93.62,C9,0.88,69.36,49.4
157,exp3_SingleShotLLM_s1,14,0.2,0,[],"[0, 1, 2, 3, 4, 5, 6, 7, 8, 9]",TrimmedMean,,,,,,93.22,,0.9624,,93.28,C2,0.32,69.68,48.98
158,exp3_SingleShotLLM_s1,15,0.2,0,[],"[0, 2, 3, 4, 6, 7, 8]",Krum,,,,,,90.26,,0.9487,,93.58,C7,2.62,72.3,49.1
159,exp3_SingleShotLLM_s1,16,0.2,1,[],"[0, 1, 2, 6, 7]",TrimmedMean,,,,,,92.48,,0.9578,,93.26,C9,0.88,73.18,51.25
160,exp3_SingleShotLLM_s1,17,0.2,1,[],"[2, 4, 6, 7, 8]",FedAvg,,,,,,93.45,,0.964,,93.8,C7,0.0,73.18,53.93
161,exp3_SingleShotLLM_s1,18,0.2,1,[],"[0, 2, 4, 6, 7]",FedAvg,,,,,,89.65,,0.9404,,93.6,C7,4.1,77.28,49.3
162,exp3_SingleShotLLM_s1,19,0.2,1,[],"[2, 3, 4, 6, 7, 8]",FedAvg,,,,,,93.06,,0.9622,,93.22,C8,0.02,77.3,49.02
163,exp3_SingleShotLLM_s1,20,0.2,1,[],"[0, 2, 4, 6, 7]",Median,,,,,,90.81,,0.9476,,93.58,C9,2.96,80.26,50.01
166,exp3_FixedMedian_s2,1,100.0,0,[],"[0, 1, 2, 3, 4, 5, 6, 7, 8, 9]",Median,,,,,,87.13,,0.9256,,86.4,C1,0.0,0.0,57.67
167,exp3_FixedMedian_s2,2,100.0,0,[],"[0, 1, 2, 3, 4, 5, 6, 7, 8, 9]",Median,,,,,,90.01,,0.9436,,89.82,C1,0.0,0.0,59.76
168,exp3_FixedMedian_s2,3,100.0,0,[],"[0, 1, 2, 3, 4, 5, 6, 7, 8, 9]",Median,,,,,,90.22,,0.9443,,89.72,C1,0.0,0.0,57.37
169,exp3_FixedMedian_s2,4,100.0,0,[],"[0, 1, 2, 3, 4, 5, 6, 7, 8, 9]",Median,,,,,,91.38,,0.9512,,91.16,C1,0.0,0.0,60.48
170,exp3_FixedMedian_s2,5,100.0,0,[],"[0, 1, 2, 3, 4, 5, 6, 7, 8, 9]",Median,,,,,,91.76,,0.9534,,91.56,C1,0.0,0.0,59.51
171,exp3_FixedMedian_s2,6,1.0,0,[],"[0, 1, 2, 3, 4, 5, 6, 7, 8, 9]",Median,,,,,,92.03,,0.9549,,91.58,C1,0.0,0.0,58.54
172,exp3_FixedMedian_s2,7,1.0,0,[],"[0, 1, 2, 3, 4, 5, 6, 7, 8, 9]",Median,,,,,,92.84,,0.9598,,92.44,C1,0.0,0.0,58.37
173,exp3_FixedMedian_s2,8,1.0,0,[],"[0, 1, 2, 3, 4, 5, 6, 7, 8, 9]",Median,,,,,,92.0,,0.9546,,91.8,C1,0.0,0.0,57.44
174,exp3_FixedMedian_s2,9,1.0,0,[],"[0, 1, 2, 3, 4, 5, 6, 7, 8, 9]",Median,,,,,,92.78,,0.9593,,92.4,C1,0.0,0.0,57.75
175,exp3_FixedMedian_s2,10,1.0,0,[],"[0, 1, 2, 3, 4, 5, 6, 7, 8, 9]",Median,,,,,,92.27,,0.9562,,92.04,C1,0.0,0.0,57.63
176,exp3_FixedMedian_s2,11,0.2,0,[],"[0, 1, 2, 3, 4, 5, 6, 7, 8, 9]",Median,,,,,,92.73,,0.959,,92.84,C1,0.42,0.42,57.32
177,exp3_FixedMedian_s2,12,0.2,0,[],"[0, 1, 2, 3, 4, 5, 6, 7, 8, 9]",Median,,,,,,92.64,,0.9584,,92.64,C1,0.2,0.62,58.01
178,exp3_FixedMedian_s2,13,0.2,0,[],"[0, 1, 2, 3, 4, 5, 6, 7, 8, 9]",Median,,,,,,92.78,,0.9593,,92.56,C1,0.04,0.66,57.99
179,exp3_FixedMedian_s2,14,0.2,0,[],"[0, 1, 2, 3, 4, 5, 6, 7, 8, 9]",Median,,,,,,92.73,,0.959,,92.82,C1,0.06,0.72,58.08
180,exp3_FixedMedian_s2,15,0.2,0,[],"[0, 1, 2, 3, 4, 5, 6, 7, 8, 9]",Median,,,,,,92.63,,0.9584,,92.6,C1,0.0,0.72,55.67
181,exp3_FixedMedian_s2,16,0.2,1,[],"[0, 1, 2, 3, 4, 5, 6, 7, 8, 9]",Median,,,,,,10.0,,0.0,,93.44,C1,83.98,84.7,55.73
182,exp3_FixedMedian_s2,17,0.2,1,[],"[0, 1, 2, 3, 4, 5, 6, 7, 8, 9]",Median,,,,,,10.0,,0.0,,9.46,C1,0.0,84.7,56.09
183,exp3_FixedMedian_s2,18,0.2,1,[],"[0, 1, 2, 3, 4, 5, 6, 7, 8, 9]",Median,,,,,,10.0,,0.0,,9.46,C1,0.0,84.7,55.85
184,exp3_FixedMedian_s2,19,0.2,1,[],"[0, 1, 2, 3, 4, 5, 6, 7, 8, 9]",Median,,,,,,10.0,,0.0,,9.46,C1,0.0,84.7,56.12
185,exp3_FixedMedian_s2,20,0.2,1,[],"[0, 1, 2, 3, 4, 5, 6, 7, 8, 9]",Median,,,,,,10.0,,0.0,,9.46,C1,0.0,84.7,55.86
186,exp3_ReflectiveAgent_s1,1,100.0,0,[],"[0, 1, 2, 3, 4, 5, 6, 7, 8, 9]",TrimmedMean,,,,,,84.6,,0.9093,,88.56,C2,4.32,4.32,77.3
187,exp3_ReflectiveAgent_s1,2,100.0,0,[],"[0, 1, 2, 3, 4, 5, 6, 7, 8, 9]",TrimmedMean,,,,,,85.14,,0.912,,89.88,C2,4.98,9.3,86.51
188,exp3_ReflectiveAgent_s1,3,100.0,0,[],"[0, 1, 2, 3, 4, 5, 6, 7, 8, 9]",Median,,,,,,91.56,,0.9525,,91.48,C1,0.18,9.48,95.09
189,exp3_ReflectiveAgent_s1,4,100.0,0,[],"[0, 1, 2, 3, 5, 6, 7, 8, 9]",FedAvg,,,,,,87.57,,0.9271,,91.88,C4,4.9,14.38,159.7
190,exp3_ReflectiveAgent_s1,5,100.0,0,[],"[0, 1, 2, 3, 5, 6, 7, 8]",TrimmedMean,,,,,,88.88,,0.9354,,92.32,C9,3.9,18.28,172.48
191,exp3_ReflectiveAgent_s1,6,1.0,0,[],"[0, 1, 2, 3, 4, 5, 6, 7, 8, 9]",Krum,,,,,,82.78,,0.8958,,92.72,C3,10.58,28.86,160.28
192,exp3_ReflectiveAgent_s1,7,1.0,0,[],"[0, 1, 2, 3, 4, 5, 6, 8, 9]",Krum,,,,,,83.51,,0.9005,,93.34,C7,10.58,39.44,160.67
193,exp3_ReflectiveAgent_s1,8,1.0,0,[],"[0, 1, 2, 3, 4, 5, 6, 8, 9]",Krum,,,,,,81.71,,0.8886,,93.04,C7,11.58,51.02,162.07
194,exp3_ReflectiveAgent_s1,9,1.0,0,[],"[0, 1, 2, 3, 4, 5, 6, 7, 8, 9]",Krum,,,,,,77.72,,0.86,,92.98,C3,15.58,66.6,156.1
195,exp3_ReflectiveAgent_s1,10,1.0,0,[],"[0, 1, 2, 3, 4, 5, 6, 7, 8, 9]",FedAvg,,,,,,90.87,,0.9482,,92.66,C0,1.86,68.46,153.87
196,exp3_ReflectiveAgent_s1,11,0.2,0,[],"[0, 1, 2, 3, 4, 5, 6, 7, 8, 9]",Median,,,,,,92.88,,0.9616,,93.48,C1,0.3,68.76,181.83
197,exp3_ReflectiveAgent_s1,12,0.2,0,[],"[0, 1, 2, 3, 4, 5, 6, 7, 8, 9]",FedAvg,,,,,,93.2,,0.9625,,93.42,C0,0.12,68.88,81.67
198,exp3_ReflectiveAgent_s1,13,0.2,0,[],"[0, 1, 2, 3, 4, 5, 6, 7, 8, 9]",FedAvg,,,,,,93.17,,0.9622,,93.44,C0,0.4,69.28,83.54
199,exp3_ReflectiveAgent_s1,14,0.2,0,[],"[0, 1, 2, 3, 4, 5, 6, 7, 8, 9]",FedAvg,,,,,,93.19,,0.9623,,93.5,C0,0.22,69.5,92.46
200,exp3_ReflectiveAgent_s1,15,0.2,0,[],"[0, 1, 2, 3, 4, 5, 6, 7, 8, 9]",Krum,,,,,,85.07,,0.9109,,93.72,C3,8.36,77.86,131.76
201,exp3_ReflectiveAgent_s1,16,0.2,1,[],"[0, 1, 2, 3, 4, 5, 6, 7, 8, 9]",FedAvg,,,,,,83.29,,0.8991,,93.14,C0,9.54,87.4,92.29
202,exp3_ReflectiveAgent_s1,17,0.2,1,[],"[0, 1, 2, 3, 4, 5, 6, 7, 8, 9]",FedAvg,,,,,,80.18,,0.8777,,93.64,C0,12.5,99.9,89.1
203,exp3_ReflectiveAgent_s1,18,0.2,1,[],"[0, 1, 2, 3, 4, 5, 6, 7, 8, 9]",FedAvg,,,,,,75.83,,0.8465,,93.44,C0,16.8,116.7,90.53
204,exp3_ReflectiveAgent_s1,19,0.2,1,[],"[0, 1, 2, 3, 4, 5, 6, 7, 8, 9]",FedAvg,,,,,,69.37,,0.7966,,93.48,C0,23.36,140.06,89.22
205,exp3_ReflectiveAgent_s1,20,0.2,1,[],"[0, 1, 2, 3, 4, 5, 6, 7, 8, 9]",FedAvg,,,,,,63.45,,0.747,,93.34,C0,29.88,169.94,90.97
206,exp3_AgenticAI_s1,1,100.0,0,[],"[0, 1, 2, 3, 4, 5, 6, 7, 8, 9]",FedAvg,,,,,,85.54,,0.9154,,88.76,C0,3.86,3.86,66.36
207,exp3_AgenticAI_s1,2,100.0,0,[],"[0, 1, 2, 3, 4, 5, 6, 7, 8, 9]",TrimmedMean,,,,,,85.27,,0.9129,,89.86,C2,4.94,8.8,84.71
208,exp3_AgenticAI_s1,3,100.0,0,[],"[0, 1, 2, 3, 5, 6, 7, 8]",Krum,,,,,,81.91,,0.8903,,91.76,C7,10.58,19.38,153.16
209,exp3_AgenticAI_s1,4,100.0,0,[],"[0, 1, 2, 3, 4, 5, 6, 7, 8, 9]",FedAvg,,,,,,86.46,,0.9201,,91.56,C0,5.5,24.88,80.89
210,exp3_AgenticAI_s1,5,100.0,0,[],"[0, 1, 2, 3, 4, 5, 6, 7, 8, 9]",TrimmedMean,,,,,,89.6,,0.9399,,92.36,C2,3.4,28.28,151.94
211,exp3_AgenticAI_s1,6,1.0,0,[],"[0, 1, 2, 3, 4, 5, 6, 8, 9]",Krum,,,,,,82.69,,0.8952,,92.88,C7,10.54,38.82,153.22
212,exp3_AgenticAI_s1,7,1.0,0,[],"[0, 1, 2, 3, 4, 5, 6, 8, 9]",Krum,,,,,,86.95,,0.9233,,93.2,C7,6.56,45.38,150.89
213,exp3_AgenticAI_s1,8,1.0,0,[],"[0, 1, 2, 3, 4, 5, 6, 7, 8, 9]",Krum,,,,,,82.38,,0.8931,,93.54,C3,11.4,56.78,158.36
214,exp3_AgenticAI_s1,9,1.0,0,[],"[0, 1, 2, 3, 4, 5, 6, 7, 8, 9]",TrimmedMean,,,,,,92.93,,0.9604,,93.46,C2,0.86,57.64,71.6
215,exp3_AgenticAI_s1,10,1.0,0,[],"[0, 1, 2, 3, 4, 5, 6, 7, 8, 9]",FedAvg,,,,,,90.04,,0.9427,,92.86,C0,3.42,61.06,79.13
216,exp3_AgenticAI_s1,11,0.2,0,[],"[0, 1, 2, 3, 4, 5, 6, 7, 8, 9]",FedAvg,,,,,,93.72,,0.9656,,94.12,C0,0.0,61.06,77.98
217,exp3_AgenticAI_s1,12,0.2,0,[],"[0, 1, 2, 3, 4, 5, 6, 7, 8, 9]",FedAvg,,,,,,93.75,,0.9654,,94.3,C0,0.28,61.34,78.17
218,exp3_AgenticAI_s1,13,0.2,0,[],"[0, 1, 2, 3, 4, 5, 6, 7, 8, 9]",FedAvg,,,,,,93.81,,0.9659,,94.34,C0,0.0,61.34,78.29
219,exp3_AgenticAI_s1,14,0.2,0,[],"[0, 1, 2, 3, 4, 5, 6, 7, 8, 9]",FedAvg,,,,,,93.73,,0.9653,,94.24,C0,0.32,61.66,78.11
220,exp3_AgenticAI_s1,15,0.2,0,[],"[0, 1, 2, 3, 4, 5, 6, 7, 8, 9]",FedAvg,,,,,,93.57,,0.9642,,94.16,C0,0.42,62.08,78.28
221,exp3_AgenticAI_s1,16,0.2,1,[],"[0, 1, 2, 3, 4, 5, 6, 7, 8, 9]",Krum,,,,,,93.6,,0.965,,94.08,C3,0.26,62.34,103.66
222,exp3_AgenticAI_s1,17,0.2,1,[],"[0, 1, 2, 3, 4, 5, 6, 7, 8, 9]",FedAvg,,,,,,93.31,,0.9627,,94.02,C0,0.6,62.94,78.58
223,exp3_AgenticAI_s1,18,0.2,1,[],"[0, 1, 2, 3, 4, 5, 6, 7, 8, 9]",FedAvg,,,,,,91.24,,0.9501,,93.94,C0,2.7,65.64,79.1
224,exp3_AgenticAI_s1,19,0.2,1,[],"[0, 1, 2, 3, 4, 5, 6, 7, 8, 9]",FedAvg,,,,,,84.75,,0.9089,,93.68,C0,8.34,73.98,79.04
225,exp3_AgenticAI_s1,20,0.2,1,[],"[0, 1, 2, 3, 4, 5, 6, 7, 8, 9]",FedAvg,,,,,,78.63,,0.8669,,94.02,C0,14.68,88.66,78.79
226,exp3_FixedFedAvg_s3,1,100.0,0,[],"[0, 1, 2, 3, 4, 5, 6, 7, 8, 9]",FedAvg,,,,,,83.87,,0.904,,89.92,C0,6.38,6.38,44.19
227,exp3_FixedFedAvg_s3,2,100.0,0,[],"[0, 1, 2, 3, 4, 5, 6, 7, 8, 9]",FedAvg,,,,,,85.77,,0.9161,,89.34,C0,4.3,10.68,44.01
228,exp3_FixedFedAvg_s3,3,100.0,0,[],"[0, 1, 2, 3, 4, 5, 6, 7, 8, 9]",FedAvg,,,,,,83.47,,0.9005,,89.24,C0,5.88,16.56,46.0
229,exp3_FixedFedAvg_s3,4,100.0,0,[],"[0, 1, 2, 3, 4, 5, 6, 7, 8, 9]",FedAvg,,,,,,88.18,,0.9311,,91.62,C0,3.8,20.36,45.84
230,exp3_FixedFedAvg_s3,5,100.0,0,[],"[0, 1, 2, 3, 4, 5, 6, 7, 8, 9]",FedAvg,,,,,,86.07,,0.9175,,91.76,C0,5.68,26.04,46.9
231,exp3_FixedFedAvg_s3,6,1.0,0,[],"[0, 1, 2, 3, 4, 5, 6, 7, 8, 9]",FedAvg,,,,,,88.15,,0.9308,,92.38,C0,3.92,29.96,45.59
232,exp3_FixedFedAvg_s3,7,1.0,0,[],"[0, 1, 2, 3, 4, 5, 6, 7, 8, 9]",FedAvg,,,,,,89.99,,0.9423,,93.22,C0,3.16,33.12,46.1
233,exp3_FixedFedAvg_s3,8,1.0,0,[],"[0, 1, 2, 3, 4, 5, 6, 7, 8, 9]",FedAvg,,,,,,89.8,,0.9411,,93.22,C0,3.44,36.56,46.51
234,exp3_FixedFedAvg_s3,9,1.0,0,[],"[0, 1, 2, 3, 4, 5, 6, 7, 8, 9]",FedAvg,,,,,,90.89,,0.9478,,93.54,C0,2.22,38.78,45.28
235,exp3_FixedFedAvg_s3,10,1.0,0,[],"[0, 1, 2, 3, 4, 5, 6, 7, 8, 9]",FedAvg,,,,,,91.67,,0.9525,,93.94,C0,2.2,40.98,45.38
236,exp3_FixedFedAvg_s3,11,0.2,0,[],"[0, 1, 2, 3, 4, 5, 6, 7, 8, 9]",FedAvg,,,,,,92.44,,0.9576,,93.22,C0,0.58,41.56,45.17
237,exp3_FixedFedAvg_s3,12,0.2,0,[],"[0, 1, 2, 3, 4, 5, 6, 7, 8, 9]",FedAvg,,,,,,93.12,,0.9618,,93.32,C0,0.08,41.64,45.92
238,exp3_FixedFedAvg_s3,13,0.2,0,[],"[0, 1, 2, 3, 4, 5, 6, 7, 8, 9]",FedAvg,,,,,,93.21,,0.9623,,93.42,C0,0.0,41.64,45.68
239,exp3_FixedFedAvg_s3,14,0.2,0,[],"[0, 1, 2, 3, 4, 5, 6, 7, 8, 9]",FedAvg,,,,,,93.23,,0.9624,,93.22,C0,0.04,41.68,45.25
240,exp3_FixedFedAvg_s3,15,0.2,0,[],"[0, 1, 2, 3, 4, 5, 6, 7, 8, 9]",FedAvg,,,,,,93.02,,0.9612,,93.32,C0,0.0,41.68,46.17
241,exp3_FixedFedAvg_s3,16,0.2,1,[],"[0, 1, 2, 3, 4, 5, 6, 7, 8, 9]",FedAvg,,,,,,92.25,,0.9585,,93.98,C0,1.08,42.76,45.61
242,exp3_FixedFedAvg_s3,17,0.2,1,[],"[0, 1, 2, 3, 4, 5, 6, 7, 8, 9]",FedAvg,,,,,,91.43,,0.9545,,93.56,C0,1.44,44.2,45.32
243,exp3_FixedFedAvg_s3,18,0.2,1,[],"[0, 1, 2, 3, 4, 5, 6, 7, 8, 9]",FedAvg,,,,,,90.51,,0.9499,,93.04,C0,1.94,46.14,44.98
244,exp3_FixedFedAvg_s3,19,0.2,1,[],"[0, 1, 2, 3, 4, 5, 6, 7, 8, 9]",FedAvg,,,,,,90.28,,0.9488,,92.76,C0,1.96,48.1,46.74
245,exp3_FixedFedAvg_s3,20,0.2,1,[],"[0, 1, 2, 3, 4, 5, 6, 7, 8, 9]",FedAvg,,,,,,90.18,,0.9483,,92.86,C0,2.12,50.22,45.46
246,exp3_FixedKrum_s2,1,100.0,0,[],"[0, 1, 2, 3, 4, 5, 6, 7, 8, 9]",Krum,,,,,,73.0,,0.8274,,87.34,C3,14.54,14.54,43.73
247,exp3_FixedKrum_s2,2,100.0,0,[],"[0, 1, 2, 3, 4, 5, 6, 7, 8, 9]",Krum,,,,,,90.52,,0.947,,90.32,C3,0.0,14.54,47.79
248,exp3_FixedKrum_s2,3,100.0,0,[],"[0, 1, 2, 3, 4, 5, 6, 7, 8, 9]",Krum,,,,,,72.93,,0.8252,,90.4,C3,17.06,31.6,46.38
249,exp3_FixedKrum_s2,4,100.0,0,[],"[0, 1, 2, 3, 4, 5, 6, 7, 8, 9]",Krum,,,,,,85.14,,0.9119,,91.6,C3,7.36,38.96,46.01
250,exp3_FixedKrum_s2,5,100.0,0,[],"[0, 1, 2, 3, 4, 5, 6, 7, 8, 9]",Krum,,,,,,90.55,,0.9464,,91.88,C3,1.96,40.92,46.7
251,exp3_FixedKrum_s2,6,1.0,0,[],"[0, 1, 2, 3, 4, 5, 6, 7, 8, 9]",Krum,,,,,,88.97,,0.9365,,92.46,C3,3.76,44.68,46.55
252,exp3_FixedKrum_s2,7,1.0,0,[],"[0, 1, 2, 3, 4, 5, 6, 7, 8, 9]",Krum,,,,,,85.68,,0.9153,,92.76,C3,7.9,52.58,46.48
253,exp3_FixedKrum_s2,8,1.0,0,[],"[0, 1, 2, 3, 4, 5, 6, 7, 8, 9]",Krum,,,,,,84.85,,0.91,,92.72,C3,8.04,60.62,47.1
254,exp3_FixedKrum_s2,9,1.0,0,[],"[0, 1, 2, 3, 4, 5, 6, 7, 8, 9]",Krum,,,,,,86.08,,0.9179,,91.96,C3,6.24,66.86,46.3
255,exp3_FixedKrum_s2,10,1.0,0,[],"[0, 1, 2, 3, 4, 5, 6, 7, 8, 9]",Krum,,,,,,86.25,,0.9191,,92.84,C3,7.08,73.94,46.13
256,exp3_FixedKrum_s2,11,0.2,0,[],"[0, 1, 2, 3, 4, 5, 6, 7, 8, 9]",Krum,,,,,,85.33,,0.913,,91.84,C3,7.14,81.08,46.97
257,exp3_FixedKrum_s2,12,0.2,0,[],"[0, 1, 2, 3, 4, 5, 6, 7, 8, 9]",Krum,,,,,,84.76,,0.9093,,91.34,C3,7.16,88.24,46.36
258,exp3_FixedKrum_s2,13,0.2,0,[],"[0, 1, 2, 3, 4, 5, 6, 7, 8, 9]",Krum,,,,,,84.96,,0.9107,,91.46,C3,6.68,94.92,46.26
259,exp3_FixedKrum_s2,14,0.2,0,[],"[0, 1, 2, 3, 4, 5, 6, 7, 8, 9]",Krum,,,,,,84.31,,0.9063,,91.54,C3,7.62,102.54,46.92
260,exp3_FixedKrum_s2,15,0.2,0,[],"[0, 1, 2, 3, 4, 5, 6, 7, 8, 9]",Krum,,,,,,83.68,,0.9021,,92.42,C3,9.18,111.72,46.4
261,exp3_FixedKrum_s2,16,0.2,1,[],"[0, 1, 2, 3, 4, 5, 6, 7, 8, 9]",Krum,,,,,,85.38,,0.9135,,93.06,C3,8.04,119.76,45.81
262,exp3_FixedKrum_s2,17,0.2,1,[],"[0, 1, 2, 3, 4, 5, 6, 7, 8, 9]",Krum,,,,,,84.72,,0.9092,,93.02,C3,8.9,128.66,46.12
263,exp3_FixedKrum_s2,18,0.2,1,[],"[0, 1, 2, 3, 4, 5, 6, 7, 8, 9]",Krum,,,,,,86.09,,0.9182,,93.24,C3,7.38,136.04,46.79
264,exp3_FixedKrum_s2,19,0.2,1,[],"[0, 1, 2, 3, 4, 5, 6, 7, 8, 9]",Krum,,,,,,10.0,,0.0,,92.3,C3,82.84,218.88,46.04
265,exp3_FixedKrum_s2,20,0.2,1,[],"[0, 1, 2, 3, 4, 5, 6, 7, 8, 9]",Krum,,,,,,10.0,,0.0,,9.46,C3,0.0,218.88,45.55
266,exp3_FixedMedian_s3,1,100.0,0,[],"[0, 1, 2, 3, 4, 5, 6, 7, 8, 9]",Median,,,,,,90.76,,0.9488,,90.34,C1,0.0,0.0,46.0
267,exp3_FixedMedian_s3,2,100.0,0,[],"[0, 1, 2, 3, 4, 5, 6, 7, 8, 9]",Median,,,,,,89.86,,0.9425,,89.48,C1,0.0,0.0,47.77
268,exp3_FixedMedian_s3,3,100.0,0,[],"[0, 1, 2, 3, 4, 5, 6, 7, 8, 9]",Median,,,,,,89.89,,0.9423,,89.3,C1,0.0,0.0,44.23
269,exp3_FixedMedian_s3,4,100.0,0,[],"[0, 1, 2, 3, 4, 5, 6, 7, 8, 9]",Median,,,,,,90.22,,0.9441,,90.08,C1,0.0,0.0,43.43
270,exp3_FixedMedian_s3,5,100.0,0,[],"[0, 1, 2, 3, 4, 5, 6, 7, 8, 9]",Median,,,,,,91.13,,0.9496,,91.1,C1,0.0,0.0,45.85
271,exp3_FixedMedian_s3,6,1.0,0,[],"[0, 1, 2, 3, 4, 5, 6, 7, 8, 9]",Median,,,,,,91.42,,0.9513,,91.32,C1,0.0,0.0,45.79
272,exp3_FixedMedian_s3,7,1.0,0,[],"[0, 1, 2, 3, 4, 5, 6, 7, 8, 9]",Median,,,,,,91.93,,0.9543,,91.84,C1,0.0,0.0,46.19
273,exp3_FixedMedian_s3,8,1.0,0,[],"[0, 1, 2, 3, 4, 5, 6, 7, 8, 9]",Median,,,,,,92.3,,0.9566,,92.18,C1,0.0,0.0,45.8
274,exp3_FixedMedian_s3,9,1.0,0,[],"[0, 1, 2, 3, 4, 5, 6, 7, 8, 9]",Median,,,,,,92.38,,0.957,,92.34,C1,0.0,0.0,46.15
275,exp3_FixedMedian_s3,10,1.0,0,[],"[0, 1, 2, 3, 4, 5, 6, 7, 8, 9]",Median,,,,,,93.15,,0.9617,,92.92,C1,0.0,0.0,47.08
276,exp3_FixedMedian_s3,11,0.2,0,[],"[0, 1, 2, 3, 4, 5, 6, 7, 8, 9]",Median,,,,,,92.47,,0.9576,,92.6,C1,0.0,0.0,45.36
277,exp3_FixedMedian_s3,12,0.2,0,[],"[0, 1, 2, 3, 4, 5, 6, 7, 8, 9]",Median,,,,,,92.32,,0.9567,,92.4,C1,0.0,0.0,45.21
278,exp3_FixedMedian_s3,13,0.2,0,[],"[0, 1, 2, 3, 4, 5, 6, 7, 8, 9]",Median,,,,,,92.11,,0.9554,,92.24,C1,0.0,0.0,46.68
279,exp3_FixedMedian_s3,14,0.2,0,[],"[0, 1, 2, 3, 4, 5, 6, 7, 8, 9]",Median,,,,,,92.19,,0.956,,92.46,C1,0.0,0.0,45.42
280,exp3_FixedMedian_s3,15,0.2,0,[],"[0, 1, 2, 3, 4, 5, 6, 7, 8, 9]",Median,,,,,,92.13,,0.9556,,92.16,C1,0.0,0.0,46.57
281,exp3_FixedMedian_s3,16,0.2,1,[],"[0, 1, 2, 3, 4, 5, 6, 7, 8, 9]",Median,,,,,,93.37,,0.964,,93.68,C1,0.14,0.14,46.45
282,exp3_FixedMedian_s3,17,0.2,1,[],"[0, 1, 2, 3, 4, 5, 6, 7, 8, 9]",Median,,,,,,92.9,,0.9616,,93.48,C1,0.4,0.54,46.84
283,exp3_FixedMedian_s3,18,0.2,1,[],"[0, 1, 2, 3, 4, 5, 6, 7, 8, 9]",Median,,,,,,92.62,,0.9603,,93.2,C1,0.44,0.98,45.75
284,exp3_FixedMedian_s3,19,0.2,1,[],"[0, 1, 2, 3, 4, 5, 6, 7, 8, 9]",Median,,,,,,92.62,,0.9603,,93.12,C1,0.42,1.4,46.22
285,exp3_FixedMedian_s3,20,0.2,1,[],"[0, 1, 2, 3, 4, 5, 6, 7, 8, 9]",Median,,,,,,92.52,,0.9595,,93.26,C1,0.42,1.82,46.45
286,exp3_FixedTrimmedMean_s2,1,100.0,0,[],"[0, 1, 2, 3, 4, 5, 6, 7, 8, 9]",TrimmedMean,,,,,,81.42,,0.8875,,87.16,C2,6.18,6.18,43.1
287,exp3_FixedTrimmedMean_s2,2,100.0,0,[],"[0, 1, 2, 3, 4, 5, 6, 7, 8, 9]",TrimmedMean,,,,,,85.24,,0.9126,,89.72,C2,5.02,11.2,47.05
288,exp3_FixedTrimmedMean_s2,3,100.0,0,[],"[0, 1, 2, 3, 4, 5, 6, 7, 8, 9]",TrimmedMean,,,,,,86.47,,0.9203,,90.34,C2,4.2,15.4,43.41
289,exp3_FixedTrimmedMean_s2,4,100.0,0,[],"[0, 1, 2, 3, 4, 5, 6, 7, 8, 9]",TrimmedMean,,,,,,87.6,,0.9273,,91.56,C2,3.96,19.36,43.56
290,exp3_FixedTrimmedMean_s2,5,100.0,0,[],"[0, 1, 2, 3, 4, 5, 6, 7, 8, 9]",TrimmedMean,,,,,,90.63,,0.9463,,93.24,C2,2.68,22.04,43.47
291,exp3_FixedTrimmedMean_s2,6,1.0,0,[],"[0, 1, 2, 3, 4, 5, 6, 7, 8, 9]",TrimmedMean,,,,,,89.54,,0.9395,,92.54,C2,2.58,24.62,46.55
292,exp3_FixedTrimmedMean_s2,7,1.0,0,[],"[0, 1, 2, 3, 4, 5, 6, 7, 8, 9]",TrimmedMean,,,,,,90.06,,0.9427,,92.74,C2,2.64,27.26,46.85
293,exp3_FixedTrimmedMean_s2,8,1.0,0,[],"[0, 1, 2, 3, 4, 5, 6, 7, 8, 9]",TrimmedMean,,,,,,90.65,,0.9463,,92.7,C2,1.76,29.02,46.33
294,exp3_FixedTrimmedMean_s2,9,1.0,0,[],"[0, 1, 2, 3, 4, 5, 6, 7, 8, 9]",TrimmedMean,,,,,,90.93,,0.9481,,93.12,C2,1.9,30.92,46.45
295,exp3_FixedTrimmedMean_s2,10,1.0,0,[],"[0, 1, 2, 3, 4, 5, 6, 7, 8, 9]",TrimmedMean,,,,,,91.98,,0.9544,,93.48,C2,1.48,32.4,46.84
296,exp3_FixedTrimmedMean_s2,11,0.2,0,[],"[0, 1, 2, 3, 4, 5, 6, 7, 8, 9]",TrimmedMean,,,,,,93.41,,0.9631,,93.5,C2,0.0,32.4,45.82
297,exp3_FixedTrimmedMean_s2,12,0.2,0,[],"[0, 1, 2, 3, 4, 5, 6, 7, 8, 9]",TrimmedMean,,,,,,93.17,,0.9616,,93.54,C2,0.0,32.4,45.68
298,exp3_FixedTrimmedMean_s2,13,0.2,0,[],"[0, 1, 2, 3, 4, 5, 6, 7, 8, 9]",TrimmedMean,,,,,,92.97,,0.9605,,93.4,C2,0.16,32.56,46.89
299,exp3_FixedTrimmedMean_s2,14,0.2,0,[],"[0, 1, 2, 3, 4, 5, 6, 7, 8, 9]",TrimmedMean,,,,,,93.31,,0.9625,,93.5,C2,0.0,32.56,45.98
300,exp3_FixedTrimmedMean_s2,15,0.2,0,[],"[0, 1, 2, 3, 4, 5, 6, 7, 8, 9]",TrimmedMean,,,,,,92.8,,0.9595,,93.34,C2,0.1,32.66,46.22
301,exp3_FixedTrimmedMean_s2,16,0.2,1,[],"[0, 1, 2, 3, 4, 5, 6, 7, 8, 9]",TrimmedMean,,,,,,92.6,,0.9603,,94.22,C2,1.22,33.88,47.07
302,exp3_FixedTrimmedMean_s2,17,0.2,1,[],"[0, 1, 2, 3, 4, 5, 6, 7, 8, 9]",TrimmedMean,,,,,,90.82,,0.9515,,93.68,C2,2.26,36.14,45.71
303,exp3_FixedTrimmedMean_s2,18,0.2,1,[],"[0, 1, 2, 3, 4, 5, 6, 7, 8, 9]",TrimmedMean,,,,,,90.64,,0.9506,,93.9,C2,2.64,38.78,46.35
304,exp3_FixedTrimmedMean_s2,19,0.2,1,[],"[0, 1, 2, 3, 4, 5, 6, 7, 8, 9]",TrimmedMean,,,,,,90.53,,0.95,,92.84,C2,1.7,40.48,47.26
305,exp3_FixedTrimmedMean_s2,20,0.2,1,[],"[0, 1, 2, 3, 4, 5, 6, 7, 8, 9]",TrimmedMean,,,,,,90.27,,0.9487,,92.62,C2,1.82,42.3,46.36
306,exp3_RuleBased_s2,1,100.0,0,[],"[0, 1, 3, 4, 5, 6, 7, 8, 9]",TrimmedMean,,,,,,83.08,,0.8988,,87.34,C5,4.64,4.64,43.87
307,exp3_RuleBased_s2,2,100.0,0,[],"[0, 1, 2, 3, 4, 5, 6, 7, 8, 9]",FedAvg,,,,,,85.18,,0.9123,,90.12,C0,5.32,9.96,46.4
308,exp3_RuleBased_s2,3,100.0,0,[],"[0, 1, 2, 3, 4, 5, 6, 7, 8, 9]",FedAvg,,,,,,84.1,,0.9046,,89.62,C0,5.64,15.6,46.36
309,exp3_RuleBased_s2,4,100.0,0,[],"[0, 1, 2, 3, 4, 5, 7, 8, 9]",TrimmedMean,,,,,,87.29,,0.9255,,91.7,C5,4.32,19.92,43.73
310,exp3_RuleBased_s2,5,100.0,0,[],"[0, 1, 2, 3, 4, 5, 6, 7, 8, 9]",FedAvg,,,,,,87.86,,0.9289,,92.54,C0,4.38,24.3,47.2
311,exp3_RuleBased_s2,6,1.0,0,[],"[1, 2, 3, 5, 7, 8, 9]",TrimmedMean,,,,,,89.45,,0.9389,,92.58,C5,3.38,27.68,46.18
312,exp3_RuleBased_s2,7,1.0,0,[],"[0, 1, 2, 3, 4, 5, 7, 8, 9]",Krum,,,,,,87.49,,0.9265,,93.36,C7,5.7,33.38,46.52
313,exp3_RuleBased_s2,8,1.0,0,[],"[1, 2, 3, 5, 7, 8, 9]",Krum,,,,,,88.0,,0.9298,,93.04,C7,5.6,38.98,47.79
314,exp3_RuleBased_s2,9,1.0,0,[],"[1, 2, 3, 5, 7, 8, 9]",Krum,,,,,,88.95,,0.9358,,92.96,C7,4.36,43.34,46.27
315,exp3_RuleBased_s2,10,1.0,0,[],"[1, 2, 3, 5, 7, 8, 9]",Krum,,,,,,88.8,,0.9349,,93.08,C7,4.54,47.88,46.31
316,exp3_RuleBased_s2,11,0.2,0,[],"[0, 1, 2, 3, 4, 5, 7, 8, 9]",Krum,,,,,,88.27,,0.9315,,93.18,C7,5.08,52.96,47.57
317,exp3_RuleBased_s2,12,0.2,0,[],"[0, 1, 2, 3, 4, 5, 7, 8, 9]",Krum,,,,,,87.86,,0.929,,91.54,C7,3.94,56.9,46.35
318,exp3_RuleBased_s2,13,0.2,0,[],"[0, 2, 4, 5, 7, 8, 9]",Krum,,,,,,87.38,,0.9259,,91.68,C7,4.44,61.34,45.92
319,exp3_RuleBased_s2,14,0.2,0,[],"[0, 2, 4, 5, 7, 8, 9]",Krum,,,,,,87.16,,0.9245,,92.54,C7,5.56,66.9,46.78
320,exp3_RuleBased_s2,15,0.2,0,[],"[0, 4, 5, 7, 8, 9]",TrimmedMean,,,,,,86.96,,0.9232,,92.58,C5,5.9,72.8,46.37
321,exp3_RuleBased_s2,16,0.2,1,[],"[0, 2, 4, 5, 7, 8, 9]",Krum,,,,,,86.38,,0.9195,,93.6,C7,7.46,80.26,46.27
322,exp3_RuleBased_s2,17,0.2,1,[],"[0, 2, 4, 5, 7, 8, 9]",Krum,,,,,,85.98,,0.9169,,93.68,C7,7.82,88.08,46.99
323,exp3_RuleBased_s2,18,0.2,1,[],"[0, 2, 4, 5, 7, 8, 9]",Krum,,,,,,85.65,,0.9147,,93.82,C7,8.36,96.44,45.92
324,exp3_RuleBased_s2,19,0.2,1,[],"[0, 2, 4, 5, 7, 8, 9]",Krum,,,,,,85.43,,0.9133,,93.82,C7,8.7,105.14,45.85
325,exp3_RuleBased_s2,20,0.2,1,[],"[0, 2, 4, 5, 7, 8, 9]",Krum,,,,,,85.2,,0.9118,,93.66,C7,8.7,113.84,46.17
326,exp3_FixedTrimmedMean_s3_259763,1,100.0,0,[],"[0, 1, 2, 3, 4, 5, 6, 7, 8, 9]",TrimmedMean,0.0,85.3,0.4542,0.9147,0.881,86.3,0.451,0.92,0.8933,90.38,C1,5.079999999999998,5.079999999999998,63.11923933029175
327,exp3_FixedTrimmedMean_s3_259763,2,100.0,0,[],"[0, 1, 2, 3, 4, 5, 6, 7, 8, 9]",TrimmedMean,0.0,84.36,0.4138,0.9078,0.8978,85.02,0.4108,0.9112,0.9077,89.48,C6,5.1200000000000045,10.200000000000003,59.786412715911865
328,exp3_FixedTrimmedMean_s3_259763,3,100.0,0,[],"[0, 1, 2, 3, 4, 5, 6, 7, 8, 9]",TrimmedMean,0.0,86.58,0.3183,0.922,0.9183,87.42,0.3175,0.9265,0.9236,90.8,C1,4.219999999999999,14.420000000000002,56.50777745246887
329,exp3_FixedTrimmedMean_s3_259763,4,100.0,0,[],"[0, 1, 2, 3, 4, 5, 6, 7, 8, 9]",TrimmedMean,0.0,86.5,0.3206,0.921,0.9278,86.56,0.3217,0.9207,0.9301,90.82,C1,4.319999999999993,18.739999999999995,60.65153932571411
330,exp3_FixedTrimmedMean_s3_259763,5,100.0,0,[],"[0, 1, 2, 3, 4, 5, 6, 7, 8, 9]",TrimmedMean,0.0,89.4,0.2727,0.9392,0.9341,89.53,0.2756,0.9395,0.9342,92.22,C1,2.819999999999993,21.559999999999988,58.525362968444824
331,exp3_FixedTrimmedMean_s3_259763,6,1.0,0,[],"[0, 1, 2, 3, 4, 5, 6, 7, 8, 9]",TrimmedMean,0.0,90.3,0.2572,0.9447,0.9375,90.11,0.2623,0.9432,0.9364,92.42,C1,2.1200000000000045,23.679999999999993,62.34435558319092
332,exp3_FixedTrimmedMean_s3_259763,7,1.0,0,[],"[0, 1, 2, 3, 4, 5, 6, 7, 8, 9]",TrimmedMean,0.0,91.58,0.2254,0.9525,0.9379,91.38,0.2311,0.9509,0.938,93.16,C1,1.5799999999999983,25.25999999999999,62.048219203948975
333,exp3_FixedTrimmedMean_s3_259763,8,1.0,0,[],"[0, 1, 2, 3, 4, 5, 6, 7, 8, 9]",TrimmedMean,0.0,91.9,0.2268,0.9543,0.9405,91.33,0.2335,0.9507,0.9394,93.24,C1,1.3399999999999892,26.59999999999998,63.09580731391907
334,exp3_FixedTrimmedMean_s3_259763,9,1.0,0,[],"[0, 1, 2, 3, 4, 5, 6, 7, 8, 9]",TrimmedMean,0.0,91.46,0.2196,0.9517,0.9422,91.32,0.2281,0.9505,0.9405,93.1,C1,1.6400000000000006,28.23999999999998,61.998342514038086
335,exp3_FixedTrimmedMean_s3_259763,10,1.0,0,[],"[0, 1, 2, 3, 4, 5, 6, 7, 8, 9]",TrimmedMean,0.0,92.32,0.2062,0.9569,0.9405,92.22,0.2127,0.956,0.9386,93.46,C1,1.1400000000000006,29.37999999999998,61.88369655609131
336,exp3_FixedTrimmedMean_s3_259763,11,0.2,0,[],"[0, 1, 2, 3, 4, 5, 6, 7, 8, 9]",TrimmedMean,0.0,92.2,0.2324,0.9562,0.9423,92.27,0.2383,0.9563,0.9399,93.0,C0,0.7999999999999972,30.17999999999998,61.75758910179138
337,exp3_FixedTrimmedMean_s3_259763,12,0.2,0,[],"[0, 1, 2, 3, 4, 5, 6, 7, 8, 9]",TrimmedMean,0.0,92.44,0.223,0.9576,0.9407,92.49,0.228,0.9576,0.9394,93.18,C1,0.7400000000000091,30.919999999999987,58.729549407958984
338,exp3_FixedTrimmedMean_s3_259763,13,0.2,0,[],"[0, 1, 2, 3, 4, 5, 6, 7, 8, 9]",TrimmedMean,0.0,92.02,0.2292,0.9551,0.9393,92.01,0.2344,0.9547,0.9385,92.82,C1,0.7999999999999972,31.719999999999985,60.53237199783325
339,exp3_FixedTrimmedMean_s3_259763,14,0.2,0,[],"[0, 1, 2, 3, 4, 5, 6, 7, 8, 9]",TrimmedMean,0.0,91.86,0.2281,0.9542,0.9376,91.9,0.234,0.9541,0.9368,92.64,C1,0.7800000000000011,32.499999999999986,57.404658794403076
340,exp3_FixedTrimmedMean_s3_259763,15,0.2,0,[],"[0, 1, 2, 3, 4, 5, 6, 7, 8, 9]",TrimmedMean,0.0,92.66,0.2092,0.959,0.9373,92.67,0.2151,0.9588,0.937,93.24,C1,0.5799999999999983,33.079999999999984,56.76760196685791
341,exp3_FixedTrimmedMean_s3_259763,16,0.2,1,"[2, 3]","[0, 1, 2, 3, 4, 5, 6, 7, 8, 9]",TrimmedMean,0.0,93.44,0.1778,0.9649,0.923,92.96,0.1814,0.9621,0.9241,93.78,C5,0.3400000000000034,33.41999999999999,58.187851905822754
342,exp3_FixedTrimmedMean_s3_259763,17,0.2,1,"[2, 3]","[0, 1, 2, 3, 4, 5, 6, 7, 8, 9]",TrimmedMean,0.0,92.86,0.1899,0.962,0.9164,92.58,0.1924,0.9602,0.9193,93.68,C6,0.8200000000000074,34.239999999999995,57.11250567436218
343,exp3_FixedTrimmedMean_s3_259763,18,0.2,1,"[2, 3]","[0, 1, 2, 3, 4, 5, 6, 7, 8, 9]",TrimmedMean,0.0,92.32,0.2083,0.9593,0.9109,91.86,0.2109,0.9566,0.9156,93.66,C9,1.3400000000000034,35.58,58.68101930618286
344,exp3_FixedTrimmedMean_s3_259763,19,0.2,1,"[2, 3]","[0, 1, 2, 3, 4, 5, 6, 7, 8, 9]",TrimmedMean,0.0,92.36,0.1995,0.9594,0.9063,92.08,0.2022,0.9577,0.9112,93.46,C5,1.0999999999999943,36.67999999999999,58.50629758834839
345,exp3_FixedTrimmedMean_s3_259763,20,0.2,1,"[2, 3]","[0, 1, 2, 3, 4, 5, 6, 7, 8, 9]",TrimmedMean,0.0,92.34,0.2132,0.9594,0.8966,91.86,0.215,0.9566,0.905,93.38,C6,1.039999999999992,37.719999999999985,58.23737382888794
346,exp3_FixedKrum_s3_456833,1,100.0,0,[],"[0, 1, 2, 3, 4, 5, 6, 7, 8, 9]",Krum,0.0,86.76,0.3158,0.9244,0.8646,87.52,0.3081,0.9283,0.8781,89.6,C1,2.839999999999989,2.839999999999989,60.3794629573822
347,exp3_FixedKrum_s3_456833,2,100.0,0,[],"[0, 1, 2, 3, 4, 5, 6, 7, 8, 9]",Krum,0.0,81.3,0.4235,0.8879,0.8718,81.34,0.4162,0.8872,0.8798,90.28,C1,8.980000000000004,11.819999999999993,55.6333327293396
348,exp3_FixedKrum_s3_456833,3,100.0,0,[],"[0, 1, 2, 3, 4, 5, 6, 7, 8, 9]",Krum,0.0,86.46,0.3079,0.9219,0.8969,87.55,0.302,0.9277,0.9091,90.82,C6,4.359999999999999,16.179999999999993,59.573020219802856
349,exp3_FixedKrum_s3_456833,4,100.0,0,[],"[0, 1, 2, 3, 4, 5, 6, 7, 8, 9]",Krum,0.0,79.24,0.4311,0.8727,0.9013,79.39,0.4298,0.8727,0.9112,90.28,C1,11.040000000000006,27.22,54.516448736190796
350,exp3_FixedKrum_s3_456833,5,100.0,0,[],"[0, 1, 2, 3, 4, 5, 6, 7, 8, 9]",Krum,0.0,82.94,0.345,0.8984,0.9055,83.27,0.35,0.8995,0.9102,90.22,C1,7.280000000000001,34.5,58.46520018577576
351,exp3_FixedKrum_s3_456833,6,1.0,0,[],"[0, 1, 2, 3, 4, 5, 6, 7, 8, 9]",Krum,0.0,90.08,0.2512,0.9441,0.9105,90.18,0.2507,0.9441,0.92,91.42,C1,1.3400000000000034,35.84,57.231730937957764
352,exp3_FixedKrum_s3_456833,7,1.0,0,[],"[0, 1, 2, 3, 4, 5, 6, 7, 8, 9]",Krum,0.0,88.04,0.2785,0.9311,0.918,88.17,0.2819,0.9312,0.9252,92.56,C1,4.519999999999996,40.36,57.54203724861145
353,exp3_FixedKrum_s3_456833,8,1.0,0,[],"[0, 1, 2, 3, 4, 5, 6, 7, 8, 9]",Krum,0.0,90.66,0.2434,0.9479,0.9092,91.46,0.2388,0.9519,0.9176,92.38,C1,1.7199999999999989,42.08,58.37473964691162
354,exp3_FixedKrum_s3_456833,9,1.0,0,[],"[0, 1, 2, 3, 4, 5, 6, 7, 8, 9]",Krum,0.0,90.92,0.2641,0.9492,0.9072,91.01,0.2667,0.9493,0.9138,92.2,C1,1.2800000000000011,43.36,57.31361675262451
355,exp3_FixedKrum_s3_456833,10,1.0,0,[],"[0, 1, 2, 3, 4, 5, 6, 7, 8, 9]",Krum,0.0,88.5,0.3941,0.9343,0.9067,89.05,0.3855,0.9369,0.917,92.12,C1,3.6200000000000045,46.980000000000004,62.00390577316284
356,exp3_FixedKrum_s3_456833,11,0.2,0,[],"[0, 1, 2, 3, 4, 5, 6, 7, 8, 9]",Krum,0.0,89.96,0.2612,0.9444,0.8746,89.68,0.2673,0.9424,0.8811,90.22,C0,0.2600000000000051,47.24000000000001,61.54243087768555
357,exp3_FixedKrum_s3_456833,12,0.2,0,[],"[0, 1, 2, 3, 4, 5, 6, 7, 8, 9]",Krum,0.0,9.46,,0.0,0.0,10.0,,0.0,0.0,82.34,C2,72.88,120.12,61.30803179740906
358,exp3_FixedKrum_s3_456833,13,0.2,0,[],"[0, 1, 2, 3, 4, 5, 6, 7, 8, 9]",Krum,0.0,9.46,,0.0,0.0,10.0,,0.0,0.0,9.46,C0,0.0,120.12,61.63728475570679
359,exp3_FixedKrum_s3_456833,14,0.2,0,[],"[0, 1, 2, 3, 4, 5, 6, 7, 8, 9]",Krum,0.0,9.46,,0.0,0.0,10.0,,0.0,0.0,9.46,C0,0.0,120.12,61.18749666213989
360,exp3_FixedKrum_s3_456833,15,0.2,0,[],"[0, 1, 2, 3, 4, 5, 6, 7, 8, 9]",Krum,0.0,9.46,,0.0,0.0,10.0,,0.0,0.0,9.46,C0,0.0,120.12,60.982741594314575
361,exp3_FixedKrum_s3_456833,16,0.2,1,"[2, 3]","[0, 1, 2, 3, 4, 5, 6, 7, 8, 9]",Krum,0.0,9.46,,0.0,0.0,10.0,,0.0,0.0,9.46,C0,0.0,120.12,59.96409893035889
362,exp3_FixedKrum_s3_456833,17,0.2,1,"[2, 3]","[0, 1, 2, 3, 4, 5, 6, 7, 8, 9]",Krum,0.0,9.46,,0.0,0.0,10.0,,0.0,0.0,9.46,C0,0.0,120.12,60.58841609954834
363,exp3_FixedKrum_s3_456833,18,0.2,1,"[2, 3]","[0, 1, 2, 3, 4, 5, 6, 7, 8, 9]",Krum,0.0,9.46,,0.0,0.0,10.0,,0.0,0.0,9.46,C0,0.0,120.12,63.91706967353821
365,exp3_FixedKrum_s3_456833,19,0.2,1,"[2, 3]","[0, 1, 2, 3, 4, 5, 6, 7, 8, 9]",Krum,0.0,9.46,,0.0,0.0,10.0,,0.0,0.0,9.46,C0,0.0,120.12,64.33707475662231
367,exp3_FixedKrum_s3_456833,20,0.2,1,"[2, 3]","[0, 1, 2, 3, 4, 5, 6, 7, 8, 9]",Krum,0.0,9.46,,0.0,0.0,10.0,,0.0,0.0,9.46,C0,0.0,120.12,72.05163741111755
370,exp3_RuleBased_s3_739063,1,100.0,0,[],"[0, 1, 2, 3, 4, 5, 6, 7, 8, 9]",FedAvg,0.0,83.66,0.4568,0.9036,0.882,83.92,0.453,0.9043,0.8944,89.78,C1,6.1200000000000045,6.1200000000000045,72.04515981674194
372,exp3_RuleBased_s3_739063,2,100.0,0,[],"[0, 1, 2, 3, 4, 5, 6, 7, 8, 9]",FedAvg,0.0,83.62,0.4316,0.9028,0.8966,83.96,0.4277,0.9043,0.9076,88.76,C1,5.140000000000001,11.260000000000005,64.80527257919312
374,exp3_RuleBased_s3_739063,3,100.0,0,[],"[0, 2, 3, 4, 5, 6, 7, 8, 9]",TrimmedMean,0.0,86.5,0.3222,0.9214,0.919,87.13,0.3215,0.9247,0.9238,91.16,C1,4.659999999999997,15.920000000000002,61.54859375953674
376,exp3_RuleBased_s3_739063,4,100.0,0,[],"[0, 1, 2, 3, 4, 5, 6, 7, 8, 9]",FedAvg,0.0,85.12,0.3437,0.912,0.9293,85.51,0.3453,0.9138,0.9313,91.16,C1,6.039999999999992,21.959999999999994,77.40611958503723
378,exp3_RuleBased_s3_739063,5,100.0,0,[],"[0, 1, 2, 3, 4, 5, 6, 7, 8, 9]",FedAvg,0.0,87.62,0.3079,0.928,0.9354,87.62,0.313,0.9275,0.9348,92.4,C1,4.780000000000001,26.739999999999995,66.95871782302856
380,exp3_RuleBased_s3_739063,6,1.0,0,[],"[0, 1, 3, 4, 5, 8, 9]",TrimmedMean,0.0,89.7,0.2575,0.941,0.938,89.87,0.2622,0.9416,0.9387,92.88,C1,3.1799999999999926,29.919999999999987,64.47654056549072
382,exp3_RuleBased_s3_739063,7,1.0,0,[],"[0, 1, 3, 4, 5, 8, 9]",TrimmedMean,0.0,90.54,0.2318,0.9462,0.9402,90.64,0.2389,0.9463,0.9398,92.84,C1,2.299999999999997,32.219999999999985,65.56766963005066
385,exp3_RuleBased_s3_739063,8,1.0,0,[],"[0, 1, 3, 4, 5, 8, 9]",Krum,0.0,89.54,0.2432,0.9401,0.9347,89.98,0.2527,0.9424,0.9349,93.48,C1,3.9399999999999977,36.15999999999998,64.13359999656677
387,exp3_RuleBased_s3_739063,9,1.0,0,[],"[0, 1, 3, 4, 5, 8, 9]",Krum,0.0,89.46,0.259,0.9397,0.9285,89.76,0.2687,0.9411,0.9298,93.34,C1,3.8800000000000097,40.03999999999999,63.5748085975647
389,exp3_RuleBased_s3_739063,10,1.0,0,[],"[0, 1, 2, 3, 4, 5, 8, 9]",Krum,0.0,89.14,0.2968,0.9378,0.9291,89.27,0.3106,0.938,0.9291,93.66,C6,4.519999999999996,44.55999999999999,65.82869601249695
391,exp3_RuleBased_s3_739063,11,0.2,0,[],"[0, 1, 2, 3, 4, 5, 8, 9]",Krum,0.0,89.12,0.283,0.938,0.9158,88.92,0.312,0.9364,0.9123,92.6,C1,3.4799999999999898,48.03999999999998,66.89782929420471
393,exp3_RuleBased_s3_739063,12,0.2,0,[],"[0, 1, 2, 3, 4, 5, 8, 9]",Krum,0.0,91.28,0.2584,0.9512,0.919,90.98,0.2857,0.949,0.9164,92.0,C1,0.7199999999999989,48.75999999999998,77.65644669532776
395,exp3_RuleBased_s3_739063,13,0.2,0,[],"[0, 2, 3, 4, 5, 8, 9]",Krum,0.0,92.4,0.2586,0.9583,0.9131,92.37,0.2776,0.9578,0.9121,92.4,C3,0.0,48.75999999999998,76.4700882434845
397,exp3_RuleBased_s3_739063,14,0.2,0,[],"[0, 2, 3, 4, 5, 8, 9]",Krum,0.0,92.34,0.2739,0.9579,0.9123,91.95,0.2958,0.9553,0.9111,92.34,C3,0.0,48.75999999999998,77.56812715530396
399,exp3_RuleBased_s3_739063,15,0.2,0,[],"[0, 2, 3, 4, 5, 8, 9]",Krum,0.0,92.36,0.2822,0.9581,0.912,92.22,0.3029,0.9569,0.9111,92.38,C1,0.01999999999999602,48.77999999999997,77.10738945007324
401,exp3_RuleBased_s3_739063,16,0.2,1,"[2, 3]","[0, 2, 3, 4, 5, 8, 9]",Krum,0.0,92.4,0.2874,0.9583,0.9111,92.18,0.3085,0.9567,0.9102,93.04,C1,0.6400000000000006,49.41999999999997,76.18933653831482
403,exp3_RuleBased_s3_739063,17,0.2,1,"[2, 3]","[0, 2, 3, 4, 5, 8, 9]",Krum,0.0,92.32,0.2969,0.9577,0.9118,91.95,0.3197,0.9553,0.9111,93.0,C9,0.6800000000000068,50.09999999999998,77.65135407447815
405,exp3_RuleBased_s3_739063,18,0.2,1,"[2, 3]","[0, 2, 3, 4, 5, 8, 9]",Krum,0.0,92.38,0.2991,0.9581,0.9116,92.09,0.3218,0.9561,0.9108,92.74,C9,0.35999999999999943,50.45999999999998,76.87447381019592
407,exp3_RuleBased_s3_739063,19,0.2,1,"[2, 3]","[0, 2, 3, 4, 5, 7, 8, 9]",Krum,0.0,92.36,0.3073,0.958,0.911,92.18,0.3307,0.9567,0.9103,93.08,C1,0.7199999999999989,51.17999999999998,78.60327649116516
408,exp3_RuleBased_s3_739063,20,0.2,1,"[2, 3]","[0, 2, 3, 4, 5, 7, 8, 9]",Krum,0.0,92.32,0.3186,0.958,0.9083,92.27,0.3398,0.9573,0.9078,92.6,C6,0.28000000000000114,51.45999999999998,66.56064748764038
409,exp3_AgenticAI_s2_175854,1,100.0,0,[],"[0, 1, 2, 3, 4, 5, 6, 7, 8, 9]",TrimmedMean,0.0,82.82,0.4946,0.8981,0.8791,82.97,0.4923,0.8982,0.8903,89.6,C6,6.780000000000001,6.780000000000001,84.0464379787445
410,exp3_AgenticAI_s2_175854,2,100.0,0,[],"[0, 1, 2, 3, 4, 5, 6, 7, 8, 9]",FedAvg,0.0,84.16,0.3656,0.9064,0.9044,84.79,0.3638,0.9097,0.9125,89.98,C1,5.820000000000007,12.600000000000009,82.95565700531006
411,exp3_AgenticAI_s2_175854,3,100.0,0,[],"[0, 1, 2, 3, 4, 5, 6, 7, 8, 9]",FedAvg,0.0,84.08,0.3736,0.9054,0.9239,83.78,0.3763,0.9026,0.9269,90.24,C1,6.159999999999997,18.760000000000005,98.28522801399231
412,exp3_AgenticAI_s2_175854,4,100.0,0,[],"[0, 1, 2, 3, 4, 5, 6, 7, 8, 9]",FedAvg,0.0,88.54,0.305,0.9339,0.9337,87.97,0.3105,0.9298,0.9325,92.32,C1,3.779999999999987,22.539999999999992,93.84040856361389
413,exp3_AgenticAI_s2_175854,5,100.0,0,[],"[0, 1, 2, 3, 4, 5, 6, 7, 8, 9]",FedAvg,0.0,87.94,0.287,0.93,0.9403,87.69,0.2952,0.9278,0.9383,92.4,C1,4.460000000000008,27.0,107.47034358978271
414,exp3_AgenticAI_s2_175854,6,1.0,0,[],"[1, 2, 3, 5, 7, 8, 9]",FedAvg,0.0,86.48,0.3218,0.9205,0.9428,86.25,0.3312,0.9185,0.9399,91.46,C1,4.97999999999999,31.97999999999999,129.54694938659668
415,exp3_AgenticAI_s2_175854,7,1.0,0,[],"[0, 1, 2, 3, 4, 5, 6, 7, 8, 9]",FedAvg,0.0,90.64,0.2646,0.9469,0.9415,90.53,0.2707,0.9457,0.9392,92.72,C1,2.0799999999999983,34.05999999999999,94.57495427131653
416,exp3_AgenticAI_s2_175854,8,1.0,0,[],"[0, 1, 2, 3, 4, 5, 6, 7, 8, 9]",FedAvg,0.0,90.7,0.2677,0.9472,0.9422,90.53,0.2736,0.9457,0.9393,92.76,C1,2.0600000000000023,36.11999999999999,94.4837691783905
417,exp3_AgenticAI_s2_175854,9,1.0,0,[],"[0, 1, 2, 3, 4, 5, 6, 7, 8, 9]",FedAvg,0.0,90.72,0.2613,0.9472,0.9441,90.77,0.2659,0.9471,0.9423,93.0,C1,2.280000000000001,38.39999999999999,94.06127452850342
418,exp3_AgenticAI_s2_175854,10,1.0,0,[],"[0, 1, 2, 3, 4, 5, 6, 7, 8, 9]",FedAvg,0.0,91.56,0.2476,0.9523,0.9469,90.87,0.2559,0.9478,0.9413,93.5,C1,1.9399999999999977,40.33999999999999,94.04421997070312
419,exp3_AgenticAI_s2_175854,11,0.2,0,[],"[0, 1, 2, 3, 4, 5, 6, 7, 8, 9]",FedAvg,0.0,90.54,279.2457,0.9504,0.5,90.0,266.3845,0.9474,0.5,93.26,C2,2.719999999999999,43.05999999999999,92.668621301651
420,exp3_AgenticAI_s2_175854,12,0.2,0,[],"[0, 1, 2, 3, 4, 5, 6, 7, 8, 9]",FedAvg,0.0,9.46,,0.0,0.0,10.0,,0.0,0.0,58.1,C3,48.64,91.69999999999999,94.46019744873047
421,exp3_AgenticAI_s2_175854,13,0.2,0,[],"[0, 1, 2, 3, 4, 5, 6, 7, 8, 9]",FedAvg,0.0,9.46,,0.0,0.0,10.0,,0.0,0.0,9.46,C0,0.0,91.69999999999999,88.80463981628418
422,exp3_AgenticAI_s2_175854,14,0.2,0,[],"[0, 1, 2, 3, 4, 5, 6, 7, 8, 9]",FedAvg,0.0,9.46,,0.0,0.0,10.0,,0.0,0.0,9.46,C0,0.0,91.69999999999999,92.63046264648438
423,exp3_AgenticAI_s2_475675,14,0.2,0,[],"[0, 1, 2, 3, 4, 5, 6, 7, 8, 9]",FedAvg,0.0,9.46,,0.0,0.0,10.0,,0.0,0.0,9.46,C0,0.0,91.69999999999999,95.76196718215942
424,exp3_AgenticAI_s2_175854,15,0.2,0,[],"[0, 1, 2, 3, 4, 5, 6, 7, 8, 9]",FedAvg,0.0,9.46,,0.0,0.0,10.0,,0.0,0.0,9.46,C0,0.0,91.69999999999999,93.55644488334656
425,exp3_AgenticAI_s2_475675,15,0.2,0,[],"[0, 1, 2, 3, 4, 5, 6, 7, 8, 9]",FedAvg,0.0,9.46,,0.0,0.0,10.0,,0.0,0.0,9.46,C0,0.0,91.69999999999999,92.95106101036072
426,exp3_AgenticAI_s2_175854,16,0.2,1,"[3, 8]","[0, 1, 2, 3, 4, 5, 6, 7, 8, 9]",FedAvg,0.0,9.46,,0.0,0.0,10.0,,0.0,0.0,9.46,C0,0.0,91.69999999999999,97.62430572509766
427,exp3_AgenticAI_s2_475675,16,0.2,1,"[3, 8]","[0, 1, 2, 3, 4, 5, 6, 7, 8, 9]",FedAvg,0.0,9.46,,0.0,0.0,10.0,,0.0,0.0,9.46,C0,0.0,91.69999999999999,100.14121055603027
428,exp3_AgenticAI_s2_475675,17,0.2,1,"[3, 8]","[0, 1, 2, 3, 4, 5, 6, 7, 8, 9]",FedAvg,0.0,9.46,,0.0,0.0,10.0,,0.0,0.0,9.46,C0,0.0,91.69999999999999,92.13107204437256
429,exp3_AgenticAI_s2_475675,18,0.2,1,"[3, 8]","[0, 1, 2, 3, 4, 5, 6, 7, 8, 9]",FedAvg,0.0,9.46,,0.0,0.0,10.0,,0.0,0.0,9.46,C0,0.0,91.69999999999999,121.83448553085327
430,exp3_AgenticAI_s2_475675,19,0.2,1,"[3, 8]","[0, 1, 2, 3, 4, 5, 6, 7, 8, 9]",FedAvg,0.0,9.46,,0.0,0.0,10.0,,0.0,0.0,9.46,C0,0.0,91.69999999999999,96.7719042301178
431,exp3_AgenticAI_s2_475675,20,0.2,1,"[3, 8]","[0, 1, 2, 3, 4, 5, 6, 7, 8, 9]",FedAvg,0.0,9.46,,0.0,0.0,10.0,,0.0,0.0,9.46,C0,0.0,91.69999999999999,93.15122127532959
432,exp3_AgenticAI_s3_169105,1,100.0,0,[],"[0, 1, 2, 3, 4, 5, 6, 7, 8, 9]",FedAvg,0.0,83.78,0.4525,0.9044,0.8812,84.01,0.4486,0.9049,0.8936,89.74,C1,5.959999999999994,5.959999999999994,97.57909727096558
433,exp3_AgenticAI_s3_169105,2,100.0,0,[],"[0, 1, 2, 3, 4, 5, 6, 7, 8, 9]",FedAvg,0.0,83.78,0.4121,0.904,0.8982,84.34,0.4087,0.9067,0.9077,88.58,C1,4.799999999999997,10.759999999999991,93.51441836357117
434,exp3_AgenticAI_s3_169105,3,100.0,0,[],"[0, 2, 3, 4, 5, 6, 7, 8, 9]",FedAvg,0.0,87.32,0.2999,0.9266,0.92,87.85,0.2998,0.9292,0.9236,90.96,C1,3.6400000000000006,14.399999999999991,145.49528813362122
435,exp3_AgenticAI_s3_169105,4,100.0,0,[],"[0, 1, 2, 3, 4, 5, 6, 7, 8, 9]",FedAvg,0.0,88.66,0.2755,0.9347,0.9306,88.86,0.2778,0.9354,0.932,92.0,C1,3.3400000000000034,17.739999999999995,90.77600932121277
436,exp3_AgenticAI_s3_169105,5,100.0,0,[],"[0, 1, 2, 3, 4, 5, 6, 7, 8, 9]",FedAvg,0.0,85.82,0.3241,0.9165,0.9359,86.05,0.3294,0.9173,0.9353,91.54,C1,5.720000000000013,23.460000000000008,93.84736633300781
437,exp3_AgenticAI_s3_169105,6,1.0,0,[],"[0, 1, 2, 3, 4, 5, 6, 7, 8, 9]",FedAvg,0.0,88.66,0.3453,0.9345,0.9343,88.31,0.3516,0.9319,0.9331,92.84,C1,4.180000000000007,27.640000000000015,92.92358183860779
438,exp3_AgenticAI_s3_169105,7,1.0,0,[],"[0, 1, 2, 3, 4, 5, 6, 7, 8, 9]",FedAvg,0.0,89.42,0.2882,0.9392,0.9372,89.06,0.2936,0.9366,0.9359,92.58,C1,3.1599999999999966,30.80000000000001,93.21896004676819
439,exp3_AgenticAI_s3_169105,8,1.0,0,[],"[0, 1, 2, 3, 4, 5, 6, 7, 8, 9]",Krum,0.0,88.76,0.2598,0.9352,0.9357,89.29,0.2682,0.938,0.936,93.54,C1,4.780000000000001,35.58000000000001,123.89784407615662
440,exp3_AgenticAI_s3_169105,9,1.0,0,[],"[0, 1, 2, 3, 4, 5, 6, 7, 8, 9]",FedAvg,0.0,90.96,0.2894,0.9487,0.9372,90.37,0.2971,0.9448,0.9384,93.32,C1,2.3599999999999994,37.94000000000001,97.21434593200684
441,exp3_AgenticAI_s3_169105,10,1.0,0,[],"[0, 1, 2, 3, 4, 5, 6, 7, 8, 9]",FedAvg,0.0,91.16,0.2528,0.9499,0.9392,90.5,0.2595,0.9455,0.9393,93.68,C1,2.5200000000000102,40.46000000000002,97.66580772399902
442,exp3_AgenticAI_s3_169105,11,0.2,0,[],"[0, 1, 2, 3, 4, 5, 6, 7, 8, 9]",FedAvg,0.0,93.62,0.3152,0.965,0.9291,93.26,0.3182,0.9628,0.9324,93.62,C0,0.0,40.46000000000002,98.015554189682
443,exp3_AgenticAI_s3_169105,12,0.2,0,[],"[0, 1, 2, 3, 4, 5, 6, 7, 8, 9]",FedAvg,0.0,92.88,0.3047,0.9607,0.9231,92.74,0.306,0.9596,0.9268,92.88,C0,0.0,40.46000000000002,96.37472724914551
444,exp3_AgenticAI_s3_169105,13,0.2,0,[],"[0, 1, 2, 3, 4, 5, 6, 7, 8, 9]",FedAvg,0.0,92.86,0.2913,0.9607,0.9153,92.67,0.2942,0.9593,0.9206,92.92,C1,0.060000000000002274,40.520000000000024,97.78462815284729
445,exp3_AgenticAI_s3_169105,14,0.2,0,[],"[0, 1, 2, 3, 4, 5, 6, 7, 8, 9]",Krum,0.0,90.22,0.3297,0.9446,0.917,89.78,0.338,0.9415,0.9224,93.02,C0,2.799999999999997,43.32000000000002,143.82526922225952
446,exp3_AgenticAI_s3_169105,15,0.2,0,[],"[0, 1, 2, 3, 4, 5, 6, 7, 8, 9]",FedAvg,0.0,92.8,0.2403,0.9601,0.9292,92.72,0.2444,0.9594,0.9314,92.8,C0,0.0,43.32000000000002,97.53434228897095
447,exp3_AgenticAI_s3_169105,16,0.2,1,"[2, 3]","[0, 1, 2, 3, 4, 5, 6, 7, 8, 9]",FedAvg,0.0,93.12,0.232,0.9632,0.9169,92.73,0.236,0.9609,0.9201,93.92,C5,0.7999999999999972,44.12000000000002,98.84760546684265
448,exp3_AgenticAI_s3_169105,17,0.2,1,"[2, 3]","[0, 1, 2, 3, 4, 5, 6, 7, 8, 9]",FedAvg,0.0,91.88,0.2413,0.957,0.9048,91.44,0.2456,0.9545,0.9095,93.32,C5,1.4399999999999977,45.56000000000002,97.09981727600098
449,exp3_AgenticAI_s3_169105,18,0.2,1,"[2, 3]","[0, 1, 2, 3, 4, 5, 6, 7, 8, 9]",FedAvg,0.0,91.22,0.2533,0.9537,0.88,90.73,0.2604,0.951,0.8949,93.06,C5,1.8400000000000034,47.40000000000002,99.65376687049866
450,exp3_AgenticAI_s3_169105,19,0.2,1,"[2, 3]","[0, 1, 2, 3, 4, 5, 6, 7, 8, 9]",FedAvg,0.0,90.92,0.2703,0.9522,0.8385,90.36,0.2788,0.9492,0.8569,92.84,C5,1.9200000000000017,49.32000000000002,101.70081782341003
451,exp3_AgenticAI_s3_169105,20,0.2,1,"[2, 3]","[0, 1, 2, 3, 4, 5, 6, 7, 8, 9]",Median,0.0,91.78,0.2401,0.9564,0.8533,91.33,0.2448,0.9538,0.8646,92.46,C5,0.6799999999999926,50.000000000000014,88.79414558410645
494,exp3_SingleShotLLM_s2_722597,1,100.0,0,[],"[0, 1, 3, 4, 5, 7, 8, 9]",TrimmedMean,0.0,84.64,0.4864,0.9105,0.8786,85.19,0.4841,0.913,0.8899,89.26,C6,4.6200000000000045,4.6200000000000045,61.7826931476593
495,exp3_SingleShotLLM_s2_722597,2,100.0,0,[],"[0, 1, 2, 3, 4, 5, 6, 7, 8, 9]",TrimmedMean,0.0,85.54,0.3599,0.9155,0.9042,85.97,0.3578,0.9174,0.9123,89.36,C1,3.819999999999993,8.439999999999998,238.076153755188
496,exp3_SingleShotLLM_s2_722597,3,100.0,0,[],"[0, 1, 2, 3, 4, 5, 6, 7, 8, 9]",FedAvg,0.0,83.02,0.3925,0.8982,0.9229,82.77,0.3955,0.8958,0.9259,89.44,C1,6.420000000000002,14.86,630.5025932788849
497,exp3_SingleShotLLM_s2_722597,4,100.0,0,[],"[0, 1, 2, 3, 4, 5, 6, 7, 8, 9]",TrimmedMean,0.0,89.46,0.2824,0.9396,0.9333,88.95,0.2867,0.936,0.9322,91.8,C1,2.3400000000000034,17.200000000000003,537.9358837604523
498,exp3_SingleShotLLM_s2_722597,5,100.0,0,[],"[0, 1, 2, 3, 4, 5, 6, 7, 8, 9]",FedAvg,0.0,87.64,0.2902,0.9281,0.9392,87.48,0.2984,0.9264,0.9375,92.02,C1,4.3799999999999955,21.58,619.8493463993073
499,exp3_SingleShotLLM_s2_722597,6,1.0,0,[],"[1, 2, 3, 5, 7, 8, 9]",Krum,0.0,85.62,0.3189,0.9153,0.9348,85.29,0.3288,0.9123,0.9355,92.06,C1,6.439999999999998,28.019999999999996,517.0975708961487
500,exp3_SingleShotLLM_s2_722597,7,1.0,0,[],"[1, 2, 3, 5, 7, 8, 9]",Median,0.0,88.34,0.2737,0.9324,0.9417,88.34,0.2817,0.9319,0.9405,92.54,C1,4.200000000000003,32.22,620.3471083641052
501,exp3_SingleShotLLM_s2_722597,8,1.0,0,[],"[1, 2, 3, 5, 7, 8, 9]",Median,0.0,88.94,0.2603,0.9362,0.9437,88.71,0.2671,0.9343,0.9422,92.56,C1,3.6200000000000045,35.84,590.8324778079987
502,exp3_SingleShotLLM_s2_722597,9,1.0,0,[],"[1, 2, 3, 5, 7, 8, 9]",Median,0.0,89.9,0.2438,0.9421,0.9451,89.95,0.2511,0.942,0.9436,93.06,C1,3.1599999999999966,39.0,554.3536095619202
503,exp3_SingleShotLLM_s2_722597,10,1.0,0,[],"[1, 2, 3, 5, 7, 8, 9]",Krum,0.0,88.88,0.2558,0.9359,0.9398,88.95,0.2637,0.9357,0.9404,93.58,C1,4.700000000000003,43.7,552.0164005756378
514,exp3_SingleShotLLM_s3_911292,1,100.0,0,[],"[0, 1, 2, 3, 4, 5, 6, 7, 8, 9]",FedAvg,0.0,83.38,0.4624,0.9018,0.881,83.59,0.459,0.9021,0.8933,89.52,C1,6.140000000000001,6.140000000000001,507.13846373558044
515,exp3_SingleShotLLM_s3_911292,2,100.0,0,[],"[0, 1, 2, 3, 4, 5, 6, 7, 8, 9]",TrimmedMean,0.0,85.22,0.3994,0.9136,0.8989,85.95,0.3959,0.9173,0.9089,89.38,C1,4.159999999999997,10.299999999999997,525.048948764801
516,exp3_SingleShotLLM_s3_911292,3,100.0,0,[],"[0, 2, 3, 4, 5, 6, 7, 8, 9]",FedAvg,0.0,85.86,0.3317,0.9172,0.9193,86.4,0.3313,0.9199,0.9237,90.58,C1,4.719999999999999,15.019999999999996,496.4767909049988
517,exp3_SingleShotLLM_s3_911292,4,100.0,0,[],"[0, 1, 2, 3, 4, 5, 6, 7, 8, 9]",Median,0.0,90.66,0.3363,0.9473,0.9278,90.53,0.3382,0.9461,0.929,90.66,C1,0.0,15.019999999999996,547.7288942337036
518,exp3_SingleShotLLM_s3_911292,5,100.0,0,[],"[0, 1, 2, 3, 4, 5, 6, 7, 8, 9]",FedAvg,0.0,88.2,0.2946,0.9317,0.935,88.06,0.2988,0.9303,0.9338,92.26,C1,4.060000000000002,19.08,531.9033620357513
519,exp3_SingleShotLLM_s3_911292,6,1.0,0,[],"[0, 1, 3, 4, 5, 8, 9]",Median,0.0,90.36,0.233,0.9451,0.9376,90.67,0.2382,0.9466,0.938,93.04,C1,2.680000000000007,21.760000000000005,473.39500546455383
520,exp3_SingleShotLLM_s3_911292,7,1.0,0,[],"[0, 1, 3, 4, 5, 8, 9]",TrimmedMean,0.0,89.94,0.2463,0.9425,0.9404,90.23,0.2535,0.9438,0.9395,92.66,C1,2.719999999999999,24.480000000000004,546.6948249340057
521,exp3_SingleShotLLM_s3_911292,8,1.0,0,[],"[0, 1, 3, 4, 5, 8, 9]",TrimmedMean,0.0,90.66,0.2314,0.9468,0.9422,90.67,0.2399,0.9465,0.9407,93.48,C1,2.8200000000000074,27.30000000000001,658.2790286540985
522,exp3_SingleShotLLM_s3_911292,9,1.0,0,[],"[0, 1, 3, 4, 5, 8, 9]",Median,0.0,91.58,0.2093,0.9525,0.9413,91.9,0.2164,0.954,0.94,93.34,C1,1.7600000000000051,29.060000000000016,574.7374818325043
523,exp3_SingleShotLLM_s3_911292,10,1.0,0,[],"[0, 1, 2, 3, 4, 5, 8, 9]",Median,0.0,94.02,0.193,0.9672,0.9425,94.0,0.1984,0.9669,0.9392,94.02,C6,0.0,29.060000000000016,609.7519810199738
526,exp3_SingleShotLLM_s2_127630,11,0.2,0,[],"[0, 1, 2, 3, 4, 5, 6, 7, 8, 9]",FedAvg,0.0,9.46,,0.0,0.0,10.0,,0.0,0.0,9.46,C0,0.0,125.33999999999999,73.42447090148926
527,exp3_SingleShotLLM_s2_127630,12,0.2,0,[],"[0, 1, 2, 3, 4, 5, 6, 7, 8, 9]",FedAvg,0.0,9.46,,0.0,0.0,10.0,,0.0,0.0,9.46,C0,0.0,125.33999999999999,71.239426612854
528,exp3_SingleShotLLM_s2_127630,13,0.2,0,[],"[0, 1, 2, 3, 4, 5, 6, 7, 8, 9]",FedAvg,0.0,9.46,,0.0,0.0,10.0,,0.0,0.0,9.46,C0,0.0,125.33999999999999,81.8564932346344
529,exp3_SingleShotLLM_s2_127630,14,0.2,0,[],"[0, 1, 2, 3, 4, 5, 6, 7, 8, 9]",FedAvg,0.0,9.46,,0.0,0.0,10.0,,0.0,0.0,9.46,C0,0.0,125.33999999999999,80.83290696144104
530,exp3_SingleShotLLM_s2_127630,15,0.2,0,[],"[0, 1, 2, 3, 4, 5, 6, 7, 8, 9]",FedAvg,0.0,9.46,,0.0,0.0,10.0,,0.0,0.0,9.46,C0,0.0,125.33999999999999,77.74741411209106
531,exp3_SingleShotLLM_s2_127630,16,0.2,1,"[3, 8]","[0, 1, 2, 3, 4, 5, 6, 7, 8, 9]",FedAvg,0.0,9.46,,0.0,0.0,10.0,,0.0,0.0,9.46,C0,0.0,125.33999999999999,80.5210633277893
532,exp3_SingleShotLLM_s2_127630,17,0.2,1,"[3, 8]","[0, 1, 2, 3, 4, 5, 6, 7, 8, 9]",FedAvg,0.0,9.46,,0.0,0.0,10.0,,0.0,0.0,9.46,C0,0.0,125.33999999999999,79.79435682296753
533,exp3_SingleShotLLM_s2_127630,18,0.2,1,"[3, 8]","[0, 1, 2, 3, 4, 5, 6, 7, 8, 9]",FedAvg,0.0,9.46,,0.0,0.0,10.0,,0.0,0.0,9.46,C0,0.0,125.33999999999999,76.94038271903992
534,exp3_SingleShotLLM_s2_127630,19,0.2,1,"[3, 8]","[0, 1, 2, 3, 4, 5, 6, 7, 8, 9]",FedAvg,0.0,9.46,,0.0,0.0,10.0,,0.0,0.0,9.46,C0,0.0,125.33999999999999,77.41330790519714
535,exp3_SingleShotLLM_s2_127630,20,0.2,1,"[3, 8]","[0, 1, 2, 3, 4, 5, 6, 7, 8, 9]",FedAvg,0.0,9.46,,0.0,0.0,10.0,,0.0,0.0,9.46,C0,0.0,125.33999999999999,76.09813451766968
536,exp3_SingleShotLLM_s3_904966,11,0.2,0,[],"[0, 1, 2, 3, 4, 5, 6, 7, 8, 9]",TrimmedMean,0.0,91.52,0.2291,0.9522,0.9346,91.9,0.2348,0.9542,0.934,92.14,C0,0.6200000000000045,34.540000000000035,71.88324117660522
537,exp3_SingleShotLLM_s3_904966,12,0.2,0,[],"[0, 3, 4, 5, 8, 9]",FedAvg,0.0,87.36,0.3242,0.9262,0.9392,86.76,0.3375,0.9218,0.9373,91.62,C1,4.260000000000005,38.80000000000004,71.67097449302673
538,exp3_SingleShotLLM_s3_904966,13,0.2,0,[],"[0, 3, 4, 5, 8, 9]",Median,0.0,90.92,0.2423,0.9484,0.9384,90.67,0.2534,0.9466,0.9363,92.52,C1,1.5999999999999943,40.400000000000034,98.1260495185852
539,exp3_SingleShotLLM_s3_904966,14,0.2,0,[],"[0, 3, 4, 5, 8, 9]",Median,0.0,91.18,0.2298,0.95,0.9388,90.89,0.2406,0.948,0.9366,92.66,C1,1.4799999999999898,41.880000000000024,98.78235983848572
540,exp3_SingleShotLLM_s3_904966,15,0.2,0,[],"[0, 1, 2, 3, 4, 5, 6, 7, 8, 9]",Krum,0.0,92.68,0.1925,0.9594,0.9298,92.36,0.2048,0.9573,0.9278,92.92,C1,0.23999999999999488,42.12000000000002,100.9714195728302
541,exp3_SingleShotLLM_s3_904966,16,0.2,1,"[2, 3]","[0, 3, 4, 5, 7, 8, 9]",FedAvg,0.0,92.72,0.212,0.961,0.8985,92.6,0.2152,0.9601,0.9038,93.18,C6,0.46000000000000796,42.58000000000003,90.78137350082397
542,exp3_SingleShotLLM_s3_904966,17,0.2,1,"[2, 3]","[0, 4, 5, 7, 8, 9]",TrimmedMean,0.0,92.74,0.1941,0.9598,0.9269,92.92,0.2015,0.9605,0.9283,93.36,C5,0.6200000000000045,43.20000000000003,73.30778384208679
543,exp3_SingleShotLLM_s3_904966,18,0.2,1,"[2, 3]","[0, 4, 5, 7, 8, 9]",TrimmedMean,0.0,93.46,0.1989,0.9644,0.9206,93.58,0.2018,0.9648,0.924,93.46,C9,0.0,43.20000000000003,78.31321263313293
544,exp3_SingleShotLLM_s3_904966,19,0.2,1,"[2, 3]","[0, 4, 5, 7, 8, 9]",Median,0.0,93.5,0.1929,0.9648,0.9223,93.7,0.1956,0.9655,0.9256,93.5,C6,0.0,43.20000000000003,79.56515312194824
545,exp3_SingleShotLLM_s3_904966,20,0.2,1,"[2, 3]","[0, 4, 5, 7, 8, 9]",Median,0.0,93.44,0.1912,0.9645,0.9229,93.74,0.1941,0.9658,0.9256,93.44,C5,0.0,43.20000000000003,78.48794317245483
556,exp3_ReflectiveAgent_s2_643719,1,100.0,0,[],"[0, 1, 2, 3, 4, 5, 6, 7, 8, 9]",TrimmedMean,0.0,83.9,0.4907,0.9056,0.8779,84.25,0.4886,0.9068,0.8897,90.14,C6,6.239999999999995,6.239999999999995,68.27695894241333
557,exp3_ReflectiveAgent_s2_643719,2,100.0,0,[],"[0, 1, 2, 3, 4, 5, 6, 7, 8, 9]",TrimmedMean,0.0,85.12,0.3639,0.9128,0.9043,85.64,0.3627,0.9153,0.9118,89.9,C3,4.780000000000001,11.019999999999996,65.5146222114563
558,exp3_ReflectiveAgent_s2_643719,3,100.0,0,[],"[0, 1, 2, 3, 4, 5, 6, 7, 8, 9]",FedAvg,0.0,83.54,0.3835,0.9017,0.924,83.18,0.3869,0.8986,0.9264,89.76,C1,6.219999999999999,17.239999999999995,66.3005633354187
559,exp3_ReflectiveAgent_s2_643719,4,100.0,0,[],"[0, 1, 2, 3, 4, 5, 6, 7, 8, 9]",Median,0.0,92.14,0.3086,0.9564,0.9331,92.51,0.3121,0.9582,0.9308,92.14,C1,0.0,17.239999999999995,66.94378566741943
560,exp3_ReflectiveAgent_s2_643719,5,100.0,0,[],"[0, 1, 2, 3, 4, 5, 6, 7, 8, 9]",Median,0.0,92.0,0.2795,0.9552,0.9401,91.79,0.2846,0.9536,0.9361,92.0,C1,0.0,17.239999999999995,64.55276560783386
561,exp3_ReflectiveAgent_s2_643719,6,1.0,0,[],"[0, 1, 2, 3, 4, 5, 6, 7, 8, 9]",TrimmedMean,0.0,90.62,0.2579,0.9466,0.9428,90.35,0.266,0.9445,0.9389,92.12,C1,1.5,18.739999999999995,75.97658038139343
562,exp3_ReflectiveAgent_s2_643719,7,1.0,0,[],"[0, 1, 2, 3, 4, 5, 6, 7, 8, 9]",Median,0.0,92.62,0.2547,0.9587,0.9447,92.31,0.26,0.9566,0.9399,92.62,C1,0.0,18.739999999999995,64.86774969100952
563,exp3_ReflectiveAgent_s2_643719,8,1.0,0,[],"[0, 1, 2, 3, 4, 5, 6, 7, 8, 9]",TrimmedMean,0.0,91.6,0.2202,0.9526,0.9455,91.74,0.2274,0.953,0.9418,93.3,C1,1.7000000000000028,20.439999999999998,66.42346668243408
564,exp3_ReflectiveAgent_s2_643719,9,1.0,0,[],"[0, 1, 2, 3, 4, 5, 6, 7, 8, 9]",TrimmedMean,0.0,90.94,0.2409,0.9485,0.9474,90.69,0.2501,0.9465,0.9426,92.2,C1,1.2600000000000051,21.700000000000003,65.51102328300476
565,exp3_ReflectiveAgent_s2_643719,10,1.0,0,[],"[0, 1, 2, 3, 4, 5, 6, 7, 8, 9]",TrimmedMean,0.0,90.92,0.2382,0.9483,0.9483,90.8,0.247,0.9472,0.9445,92.62,C1,1.7000000000000028,23.400000000000006,66.06193280220032
566,exp3_ReflectiveAgent_s2_643719,11,0.2,0,[],"[0, 1, 2, 3, 4, 5, 7, 8, 9]",TrimmedMean,0.0,92.06,0.2023,0.9554,0.9488,92.12,0.2103,0.9553,0.9449,92.92,C2,0.8599999999999994,24.260000000000005,70.50545811653137
567,exp3_ReflectiveAgent_s2_643719,12,0.2,0,[],"[0, 1, 2, 3, 4, 5, 6, 7, 8, 9]",Median,0.0,93.02,0.1921,0.9611,0.9481,92.77,0.1989,0.9593,0.9443,93.02,C1,0.0,24.260000000000005,70.12380766868591
568,exp3_ReflectiveAgent_s2_643719,13,0.2,0,[],"[0, 1, 2, 3, 4, 5, 6, 7, 8, 9]",TrimmedMean,0.0,92.58,0.1936,0.9585,0.9461,92.34,0.2002,0.9567,0.9436,92.8,C1,0.21999999999999886,24.480000000000004,67.67086982727051
569,exp3_ReflectiveAgent_s2_643719,14,0.2,0,[],"[0, 2, 4, 5, 7, 8, 9]",TrimmedMean,0.0,91.38,0.2092,0.9513,0.9459,91.61,0.2173,0.9522,0.9434,92.94,C1,1.5600000000000023,26.040000000000006,65.33350539207458
570,exp3_ReflectiveAgent_s2_643719,15,0.2,0,[],"[0, 1, 2, 3, 4, 5, 6, 7, 8, 9]",TrimmedMean,0.0,92.6,0.1874,0.9587,0.9461,92.72,0.1939,0.9589,0.9433,92.6,C2,0.0,26.040000000000006,67.78134226799011
571,exp3_ReflectiveAgent_s2_643719,16,0.2,1,"[3, 8]","[0, 2, 4, 5, 7, 8, 9]",TrimmedMean,0.0,94.0,0.1662,0.9675,0.9389,93.89,0.1694,0.9667,0.9382,94.1,C1,0.09999999999999432,26.14,70.13403844833374
572,exp3_ReflectiveAgent_s2_643719,17,0.2,1,"[3, 8]","[0, 1, 2, 3, 4, 5, 6, 7, 8, 9]",Median,0.0,9.46,,0.0,0.0,10.0,,0.0,0.0,91.3,C2,81.84,107.98,68.09863424301147
573,exp3_ReflectiveAgent_s2_643719,18,0.2,1,"[3, 8]","[0, 1, 2, 3, 4, 5, 6, 7, 8, 9]",TrimmedMean,0.0,9.46,,0.0,0.0,10.0,,0.0,0.0,9.46,C0,0.0,107.98,64.75465059280396
574,exp3_ReflectiveAgent_s2_643719,19,0.2,1,"[3, 8]","[0, 1, 2, 3, 4, 5, 6, 7, 8, 9]",FedAvg,0.0,9.46,,0.0,0.0,10.0,,0.0,0.0,9.46,C0,0.0,107.98,64.27166628837585
575,exp3_ReflectiveAgent_s2_643719,20,0.2,1,"[3, 8]","[0, 1, 2, 3, 4, 5, 6, 7, 8, 9]",Median,0.0,9.46,,0.0,0.0,10.0,,0.0,0.0,9.46,C0,0.0,107.98,63.145172357559204
576,exp3_ReflectiveAgent_s3_987286,1,100.0,0,[],"[0, 1, 2, 3, 4, 5, 6, 7, 8, 9]",Median,0.0,90.1,0.528,0.9453,0.8829,90.59,0.527,0.9476,0.8937,90.1,C1,0.0,0.0,66.96983337402344
577,exp3_ReflectiveAgent_s3_987286,2,100.0,0,[],"[0, 1, 2, 3, 4, 5, 6, 7, 8, 9]",Median,0.0,88.16,0.4492,0.9327,0.8986,88.92,0.4474,0.9365,0.9088,88.16,C1,0.0,0.0,62.71094727516174
578,exp3_ReflectiveAgent_s3_987286,3,100.0,0,[],"[0, 1, 2, 3, 4, 5, 6, 7, 8, 9]",Median,0.0,90.12,0.3456,0.9443,0.9167,90.49,0.3461,0.946,0.9225,90.12,C1,0.0,0.0,63.278637647628784
579,exp3_ReflectiveAgent_s3_987286,4,100.0,0,[],"[0, 1, 2, 3, 4, 5, 6, 7, 8, 9]",FedAvg,0.0,87.22,0.2978,0.9257,0.9284,87.61,0.2995,0.9275,0.9311,90.54,C1,3.3200000000000074,3.3200000000000074,65.47444987297058
580,exp3_ReflectiveAgent_s3_987286,5,100.0,0,[],"[0, 1, 2, 3, 4, 5, 6, 7, 8, 9]",FedAvg,0.0,85.68,0.3224,0.9156,0.9341,85.87,0.3262,0.9162,0.9354,90.96,C1,5.279999999999987,8.599999999999994,63.87881112098694
581,exp3_ReflectiveAgent_s3_987286,6,1.0,0,[],"[0, 1, 2, 3, 4, 5, 6, 7, 8, 9]",TrimmedMean,0.0,89.46,0.2824,0.9396,0.9362,89.43,0.2873,0.9389,0.9363,91.32,C1,1.8599999999999994,10.459999999999994,67.21514058113098
582,exp3_ReflectiveAgent_s3_987286,7,1.0,0,[],"[0, 1, 2, 3, 4, 5, 6, 7, 8, 9]",TrimmedMean,0.0,90.68,0.2333,0.9471,0.9385,90.8,0.2382,0.9474,0.938,92.64,C1,1.9599999999999937,12.419999999999987,65.85754680633545
583,exp3_ReflectiveAgent_s3_987286,8,1.0,0,[],"[0, 1, 2, 3, 4, 5, 6, 7, 8, 9]",Krum,0.0,88.16,0.2732,0.9314,0.9355,88.15,0.2804,0.9309,0.9359,93.02,C1,4.859999999999999,17.279999999999987,65.95054292678833
584,exp3_ReflectiveAgent_s3_987286,9,1.0,0,[],"[0, 1, 3, 4, 5, 8, 9]",TrimmedMean,0.0,90.16,0.2422,0.9438,0.9423,90.16,0.2495,0.9433,0.9413,92.8,C1,2.6400000000000006,19.919999999999987,68.64784526824951
585,exp3_ReflectiveAgent_s3_987286,10,1.0,0,[],"[0, 1, 2, 3, 4, 5, 6, 7, 8, 9]",TrimmedMean,0.0,91.46,0.2195,0.9518,0.9422,91.62,0.2259,0.9523,0.9402,93.04,C1,1.5800000000000125,21.5,66.7216260433197
586,exp3_ReflectiveAgent_s3_987286,11,0.2,0,[],"[0, 1, 2, 3, 4, 5, 6, 7, 8, 9]",TrimmedMean,0.0,91.48,0.2477,0.9519,0.943,91.6,0.2529,0.9523,0.9407,92.16,C1,0.6799999999999926,22.179999999999993,66.62429285049438
587,exp3_ReflectiveAgent_s3_987286,12,0.2,0,[],"[0, 1, 2, 3, 4, 5, 6, 7, 8, 9]",TrimmedMean,0.0,91.3,0.2424,0.9509,0.9411,91.67,0.2471,0.9527,0.9393,92.24,C1,0.9399999999999977,23.11999999999999,948.9440796375275
596,exp3_ReflectiveAgent_s3_78873,13,0.2,0,[],"[0, 1, 2, 3, 4, 5, 6, 7, 8, 9]",TrimmedMean,0.0,91.22,0.2336,0.9505,0.9313,91.22,0.2407,0.9501,0.9319,92.94,C3,1.7199999999999989,31.579999999999984,2186.244884490967
604,exp3_ReflectiveAgent_s3_807368,14,0.2,0,[],"[0, 1, 2, 3, 4, 5, 6, 7, 8, 9]",TrimmedMean,0.0,91.94,0.2101,0.9549,0.9295,91.88,0.2198,0.9542,0.9297,92.9,C1,0.960000000000008,34.39999999999998,68.92471432685852
605,exp3_ReflectiveAgent_s3_807368,15,0.2,0,[],"[0, 1, 2, 3, 4, 5, 6, 7, 8, 9]",Median,0.0,93.24,0.175,0.963,0.9298,93.51,0.1807,0.9642,0.9309,93.24,C1,0.0,34.39999999999998,65.87961220741272
606,exp3_ReflectiveAgent_s3_807368,16,0.2,1,"[2, 3]","[0, 1, 2, 3, 4, 5, 6, 7, 8, 9]",TrimmedMean,0.0,93.28,0.1883,0.9641,0.9184,92.82,0.1903,0.9614,0.923,93.7,C9,0.4200000000000017,34.81999999999998,65.4582850933075
607,exp3_ReflectiveAgent_s3_807368,17,0.2,1,"[2, 3]","[0, 3, 4, 5, 7, 8, 9]",FedAvg,0.0,91.74,0.3167,0.9563,0.8987,91.32,0.3203,0.9539,0.9052,93.48,C5,1.740000000000009,36.55999999999999,65.47270488739014
608,exp3_ReflectiveAgent_s3_807368,18,0.2,1,"[2, 3]","[0, 1, 2, 3, 4, 5, 6, 7, 8, 9]",TrimmedMean,0.0,92.64,0.2119,0.9607,0.902,92.21,0.2142,0.9582,0.907,93.34,C5,0.7000000000000028,37.25999999999999,63.83781361579895
609,exp3_ReflectiveAgent_s3_807368,19,0.2,1,"[2, 3]","[0, 1, 2, 3, 4, 5, 6, 7, 8, 9]",Median,0.0,92.3,0.2224,0.9591,0.9012,92.07,0.2233,0.9575,0.9079,93.2,C6,0.9000000000000057,38.16,66.0921721458435
610,exp3_ReflectiveAgent_s3_807368,20,0.2,1,"[2, 3]","[0, 1, 2, 3, 4, 5, 6, 7, 8, 9]",TrimmedMean,0.0,91.98,0.2633,0.9575,0.8931,91.62,0.262,0.9554,0.9022,93.24,C6,1.259999999999991,39.41999999999999,1807.7039833068848
